0,3960
1,18
2,11
3,1/4
4,6
5,1290
6,600
7,3785
8,8.8
9,12
10,41
11,1.05
12,80
13,56
14,36
15,8172
16,16.4
17,40.73
18,322.5
19,11
20,12
21,5
22,100
23,68
24,600
25,54
26,19
27,48
28,1.88
29,1950
30,3.6
31,80
32,9
33,720
34,36
35,19/20
36,251
37,5
38,14/15
39,48
40,400
41,24
42,83
43,500
44,4
45,17
46,95
47,288
48,40
49,280
50,656
51,9
52,7600
53,280
54,779
55,120
56,142
57,4875
58,1248
59,9
60,13.64
61,1201
62,300
63,738
64,1176
65,706
66,13198.8
67,400
68,3360
69,765
70,10
71,73.2
72,6600
73,7/8
74,200
75,3.8
76,250
77,3/10
78,24
79,194
80,3.3
81,66
82,8
83,392
84,260
85,1
86,15
87,135
88,402
89,374
90,12
91,20
92,28
93,1735
94,400
95,188.4
96,8
97,64
98,3
99,260
100,2288
101,40000
102,3461.7
103,14
104,5
105,20
106,5/9
107,20427.5
108,10.9
109,3
110,7/10
111,1200
112,560
113,147.62
114,17
115,160
116,4955
117,623
118,192
119,124
120,1.82
121,12
122,25
123,69
124,20000
125,1
126,380
127,0.5
128,124
129,770
130,7/9
131,6089
132,10
133,9
134,11200
135,8
136,595
137,50
138,24
139,87
140,90
141,337
142,96
143,15
144,8126.72
145,356
146,8
147,8400
148,4800
149,9
150,2/9
151,494
152,2_6/7
153,490
154,8000
155,3/10
156,1.25
157,600
158,40
159,580
160,30
161,5
162,5
163,6
164,28
165,1350
166,258
167,775
168,10
169,312
170,4
171,7
172,280
173,144
174,11/35
175,14
176,44
177,9
178,8
179,26
180,20
181,87.92
182,12
183,27
184,1
185,650
186,5000
187,10
188,312
189,15
190,782
191,122.46
192,10395
193,880
194,12400
195,1353.4
196,704
197,84.78
198,450
199,272
200,450
201,114
202,18
203,7/20
204,2000
205,40
206,2/9
207,6
208,40
209,2016
210,6
211,65.55
212,3081
213,31385.1
214,6
215,24500
216,425
217,5
218,62700
219,200
220,6
221,333
222,20
223,16
224,200
225,1872
226,32
227,9
228,6/7
229,28.8
230,190
231,293
232,3300
233,207
234,684
235,3500
236,691
237,1710
238,1/18
239,205
240,816
241,231000
242,2_1/2
243,5375
244,432
245,3/5
246,25.12
247,1_5/8
248,240
249,9
250,3.2
251,1.5
252,3162
253,1260
254,1710
255,6000
256,1536
257,6
258,490
259,5
260,2700
261,960
262,49
263,192
264,5
265,6
266,11/24
267,276
268,26
269,94
270,25000
271,12300
272,750
273,12
274,520
275,1585
276,289
277,5.4
278,32
279,750
280,301.44
281,8
282,6
283,736
284,64
285,18
286,240
287,579
288,4
289,2250
290,944
291,5.56
292,8
293,546
294,16
295,21
296,5280
297,5
298,4
299,91
300,224
301,1_7/20
302,8
303,8
304,81
305,314
306,9
307,20
308,50
309,6
310,102.8
311,450
312,32
313,2/7
314,36
315,60
316,2000
317,324
318,900
319,1/2
320,8
321,432
322,1/2
323,37/40
324,1/5
325,54
326,3450
327,71.25
328,890
329,4
330,12351.25
331,4340000
332,16000
333,300
334,4/7
335,1344
336,15
337,486
338,6
339,10
340,10
341,90
342,21
343,50
344,60
345,47.62
346,48
347,6
348,425
349,12
350,1
351,600
352,465
353,1588
354,168
355,140
356,165.5
357,50
358,25000
359,4
360,11304
361,1256
362,45
363,9
364,18
365,540
366,11/35
367,32
368,1
369,209
370,150
371,242
372,10
373,7.95
374,36
375,1350
376,591
377,904.32
378,4429
379,3
380,70
381,43
382,2/5
383,6240
384,56375
385,90
386,60
387,4
388,100
389,18
390,15
391,1260
392,768
393,800
394,4.71
395,38333.33
396,450
397,11
398,6592
399,13
400,207
401,136
402,864
403,3
404,350
405,32
406,15
407,4/15
408,5
409,3.14
410,12
411,5
412,1/4
413,800
414,10
415,258
416,55
417,8
418,1320
419,20
420,2/9
421,1
422,303
423,0.5
424,1.12
425,15.12
426,2
427,1120
428,478
429,2000
430,580
431,120
432,384
433,112
434,12960
435,31
436,544
437,44
438,2
439,6300
440,1/4
441,45
442,410
443,88
444,64
445,765
446,3/5
447,0.45
448,20
449,1920
450,1036
451,68
452,0.05
453,10
454,30
455,133
456,1080
457,2
458,76
459,390
460,24
461,2400
462,33
463,816
464,5
465,1710
466,240
467,246
468,21
469,30
470,12
471,16
472,700
473,125.6
474,6
475,21
476,534
477,10
478,1152
479,231
480,32
481,533
482,1/20
483,4
484,30
485,7000
486,132
487,216
488,15.57
489,11204
490,3.57
491,96
492,260
493,44.72
494,440
495,2092.34
496,1080
497,1440
498,80
499,1344
500,272
501,800
502,320
503,1
504,885
505,639
506,2970
507,700
508,188.4
509,29
510,14
511,14
512,17/40
513,4
514,120
515,7
516,786
517,0.25
518,1/2
519,560
520,44
521,8
522,355
523,1800
524,3/8
525,200
526,340
527,100
528,20
529,62.8
530,120
531,1
532,150
533,52.65
534,6
535,45
536,2
537,22
538,7
539,96
540,270
541,100
542,216
543,1350
544,44
545,120
546,8
547,84
548,10
549,108
550,1730
551,153.86
552,48
553,9
554,1100
555,750
556,11
557,28
558,12.56
559,50.24
560,0.36
561,6
562,3
563,90
564,59
565,60
566,840
567,147
568,560
569,2500
570,4
571,16.8
572,10700
573,24
574,7500
575,44.85
576,5
577,2
578,150
579,240
580,1600
581,4
582,348.6
583,576
584,13
585,12
586,31
587,33
588,50
589,240
590,79
591,16
592,133.33
593,0.4
594,4
595,50.24
596,0.45
597,930
598,192
599,20000
600,3626
601,5
602,3
603,100
604,50
605,2/5
606,100
607,60
608,5
609,62
610,900
611,18
612,696
613,180
614,9.6
615,9360
616,116.8
617,40
618,84.78
619,90
620,89.4
621,50
622,251.2
623,114
624,196
625,15
626,550
627,5
628,421
629,27
630,60
631,3.14
632,3
633,2000
634,600
635,1
636,1
637,1
638,1
639,60
640,10
641,120
642,45
643,32
644,1350
645,2
646,6
647,424
648,215
649,100
650,340
651,60
652,13
653,25
654,1
655,49
656,80
657,1
658,2
659,1
660,40
661,480
662,950
663,1
664,60
665,13
666,50
667,250
668,10
669,4200
670,40
671,-163
672,45
673,160
674,5
675,1
676,8
677,6
678,1
679,1
680,3
681,460
682,120
683,450
684,280
685,42
686,3360
687,100
688,36
689,30
690,320
691,1500
692,81
693,12
694,30
695,550
696,16
697,20
698,31/40
699,60
700,75
701,72
702,5
703,7.5
704,6
705,43
706,1
707,5/8
708,20
709,66
710,3200
711,85.5
712,24000
713,0.3
714,1
715,1000
716,240
717,384
718,26
719,36
720,150
721,37.68
722,135
723,80
724,16
725,425
726,425
727,117
728,150
729,160
730,120
731,15
732,32
733,100
734,2.95
735,0.14
736,13
737,2
738,70
739,160
740,1
741,3
742,3/4
743,5
744,666_2/3
745,1280
746,13
747,156
748,13
749,324
750,7
751,76
752,56
753,11
754,24.25
755,250
756,11
757,128
758,0.4
759,18
760,250
761,60
762,9
763,200.96
764,47
765,400
766,21944
767,3.44
768,2000
769,10
770,851
771,10
772,187
773,74
774,3000
775,10_2/7
776,3.77
777,160
778,420
779,4
780,5
781,4880
782,4160
783,1.8
784,117
785,156
786,39.44
787,1.6
788,125
789,576
790,1
791,54
792,612_1/2
793,-5
794,72.09
795,4
796,12
797,300
798,1
799,720
800,28.6
801,55
802,100
803,39.2
804,8
805,25.6
806,1250
807,216
808,19
809,14
810,7.8
811,7
812,20
813,5
814,25
815,4000
816,2000
817,11
818,8
819,90
820,348
821,360
822,66
823,120
824,50.24
825,1050
826,1462
827,6
828,2
829,42
830,290
831,160
832,21.6
833,60
834,80
835,880
836,45
837,32
838,16
839,5
840,240
841,1_2/3
842,8
843,-7655
844,546
845,117
846,2
847,42
848,360
849,1
850,120
851,1500
852,41
853,18
854,40
855,-157
856,4
857,17
858,10.5
859,12
860,21
861,180
862,48
863,2/7
864,24
865,11
866,0.5
867,73
868,33
869,100
870,13.2
871,216
872,9
873,62.16
874,48
875,19
876,10500
877,1
878,17.58
879,78.5%
880,64
881,4000
882,15
883,14
884,58
885,30
886,90
887,471
888,25
889,112
890,4
891,1296
892,130
893,160
894,60
895,9
896,285
897,10
898,96
899,240000
900,4000
901,207000
902,16
903,120
904,3
905,1
906,180
907,1200
908,26
909,18.84
910,15
911,6.38
912,180
913,29
914,6.6
915,430
916,7536
917,141.3
918,1648.5
919,5.4
920,200
921,6
922,6
923,1
924,134
925,576
926,1
927,260
928,30
929,2.2
930,9
931,7
932,48
933,37.68
934,7.1
935,1000
936,90
937,48
938,6.66
939,11
940,160
941,19
942,210
943,24
944,5
945,5/12
946,176
947,6
948,90
949,48
950,0.6
951,16
952,24
953,300
954,594
955,10
956,16
957,1200
958,7600
959,130000
960,6
961,7
962,640
963,12
964,16
965,13
966,25
967,28
968,8
969,1
970,152.4
971,10
972,3424
973,1000
974,41
975,6
976,70
977,8
978,345.4
979,910
980,182.9
981,1200
982,0.03
983,448
984,0.04
985,74
986,14_414/775
987,10
988,27
989,300
990,24
991,2760
992,581
993,700
994,5.88%
995,2040
996,1
997,36
998,72
999,1/5
1000,6.58
1001,504
1002,89
1003,45
1004,6
1005,1
1006,20
1007,31
1008,2
1009,1/4
1010,15
1011,163
1012,313
1013,1
1014,38
1015,10
1016,15
1017,37_1/2
1018,94
1019,1
1020,10
1021,0
1022,-1
1023,62.8
1024,10
1025,44080
1026,16000
1027,1/16
1028,63
1029,88
1030,20
1031,1078
1032,8
1033,38
1034,19
1035,264
1036,0.36
1037,30
1038,2100
1039,10
1040,11
1041,225
1042,4
1043,15.7
1044,43.95
1045,343
1046,9/16
1047,36
1048,12167
1049,412.5
1050,90
1051,161
1052,240
1053,20
1054,1490
1055,1
1056,6
1057,46.44
1058,5/16
1059,512
1060,45
1061,11
1062,3.77
1063,3_1/2
1064,60
1065,20
1066,-40
1067,4
1068,0.5
1069,45
1070,55
1071,30
1072,114
1073,284
1074,1/25
1075,4138
1076,34
1077,272
1078,1
1079,120
1080,688
1081,105
1082,25
1083,20
1084,1.3
1085,12.2
1086,9/20
1087,480
1088,1
1089,0.01
1090,120
1091,45
1092,4875
1093,160
1094,11214
1095,9
1096,1440
1097,5/8
1098,18
1099,120
1100,1/7
1101,16
1102,492
1103,5
1104,285
1105,1
1106,29.9
1107,12
1108,15
1109,16
1110,27
1111,3
1112,7.83
1113,1
1114,800
1115,68
1116,1
1117,20
1118,8
1119,3
1120,15
1121,30
1122,18
1123,10
1124,16
1125,8200
1126,14
1127,1.4
1128,10000
1129,67
1130,0.66
1131,6
1132,30
1133,550
1134,128
1135,75
1136,19.23
1137,15
1138,480
1139,200
1140,9000
1141,27
1142,6
1143,180
1144,249
1145,4
1146,300
1147,9
1148,96
1149,19.3
1150,232
1151,10
1152,1/2
1153,770
1154,12
1155,180
1156,-7
1157,30
1158,1154
1159,2
1160,21
1161,9
1162,80
1163,36
1164,8965
1165,12
1166,12
1167,20
1168,0
1169,12
1170,1
1171,900
1172,120
1173,170
1174,2
1175,1
1176,18
1177,20
1178,7400
1179,276
1180,12
1181,4500
1182,24
1183,57
1184,160
1185,120
1186,9
1187,400
1188,1200
1189,1200
1190,1000
1191,300
1192,1
1193,60000
1194,96
1195,1
1196,15
1197,45
1198,216
1199,31.4
1200,135
1201,0.25
1202,19
1203,1
1204,51
1205,28
1206,18.84
1207,1
1208,-27
1209,3
1210,0.45
1211,33
1212,952
1213,1
1214,6
1215,80
1216,31
1217,56
1218,46
1219,750
1220,1
1221,60
1222,3
1223,190.8
1224,48
1225,33_1/3
1226,188.4
1227,1800
1228,18
1229,150
1230,1
1231,4
1232,54
1233,64
1234,75
1235,23.55
1236,110
1237,90
1238,16
1239,26
1240,500%
1241,8
1242,560
1243,120
1244,147
1245,4200
1246,85
1247,53
1248,56
1249,180
1250,33
1251,45
1252,36
1253,16
1254,36
1255,8
1256,30
1257,38
1258,24
1259,16
1260,53
1261,22
1262,4
1263,37
1264,6
1265,45
1266,8
1267,-13
1268,23
1269,18
1270,55
1271,53
1272,30
1273,26
1274,46
1275,12
1276,72
1277,15
1278,84
1279,24
1280,72
1281,51
1282,84
1283,33
1284,84
1285,80
1286,45
1287,35
1288,27
1289,48
1290,9
1291,26
1292,26
1293,10
1294,24
1295,-8
1296,1
1297,3
1298,8
1299,6
1300,6
1301,20
1302,6
1303,5
1304,7
1305,6
1306,4
1307,5
1308,8
1309,9
1310,7
1311,7
1312,4
1313,32
1314,4
1315,9
1316,13
1317,5
1318,11
1319,6
1320,7
1321,18
1322,80
1323,31
1324,28
1325,64
1326,17
1327,9
1328,20
1329,6
1330,42
1331,6
1332,76
1333,22
1334,4
1335,135
1336,54
1337,125
1338,4
1339,5
1340,73
1341,24
1342,6
1343,7
1344,24
1345,84
1346,31
1347,24
1348,6
1349,17
1350,77
1351,16
1352,19
1353,28
1354,9
1355,2
1356,74
1357,226.08
1358,160
1359,700
1360,11
1361,33000
1362,30000
1363,1
1364,4
1365,1
1366,20
1367,41
1368,30144
1369,120
1370,676
1371,81
1372,335
1373,60
1374,38.25
1375,18/35
1376,1000
1377,128
1378,5
1379,1
1380,2.7
1381,728.48
1382,400
1383,162
1384,440
1385,16.4
1386,28
1387,2
1388,150
1389,4.75
1390,42
1391,30
1392,48000
1393,12
1394,40
1395,16
1396,4
1397,120
1398,95
1399,840
1400,6
1401,180
1402,640
1403,55
1404,30
1405,9
1406,1
1407,21
1408,787
1409,125
1410,139
1411,20
1412,13
1413,40
1414,248
1415,2400
1416,90000
1417,3
1418,240
1419,31
1420,53/60
1421,30.6
1422,33.45
1423,3.6
1424,0.01
1425,9
1426,9
1427,4
1428,504
1429,11
1430,22.5
1431,28
1432,6
1433,94
1434,2.4
1435,44.3
1436,190
1437,271.32
1438,196.35
1439,72
1440,15
1441,9
1442,110
1443,17
1444,54
1445,-11
1446,13950
1447,200
1448,2.5
1449,4
1450,44
1451,96
1452,180
1453,307
1454,36
1455,50
1456,169
1457,31
1458,2
1459,9
1460,3612
1461,560
1462,92
1463,168
1464,10
1465,290
1466,55
1467,206
1468,8.5
1469,1.1
1470,137
1471,30
1472,320
1473,45
1474,26
1475,8
1476,50
1477,9000
1478,202.5
1479,16
1480,0.6
1481,8448
1482,15
1483,3
1484,1
1485,4
1486,11
1487,33
1488,8
1489,56
1490,3.5
1491,12
1492,50
1493,2125
1494,32
1495,8
1496,4
1497,-4
1498,8.08
1499,2370
1500,91
1501,4
1502,149
1503,40
1504,371
1505,28
1506,39
1507,9
1508,-18.65
1509,180
1510,945
1511,50
1512,32
1513,180
1514,70
1515,520
1516,36
1517,1.55
1518,879
1519,18
1520,90
1521,40
1522,300
1523,41
1524,331
1525,8
1526,140
1527,3
1528,25600
1529,780
1530,500
1531,4
1532,8
1533,102.5
1534,4800
1535,1/2
1536,3
1537,30
1538,1
1539,160
1540,128
1541,301.44
1542,23
1543,150
1544,12
1545,400
1546,550
1547,20
1548,4
1549,58
1550,1
1551,56
1552,3050
1553,2250
1554,4
1555,3.77
1556,2.21
1557,2
1558,400
1559,200
1560,1066_2/3
1561,17
1562,10
1563,60
1564,120
1565,150
1566,360
1567,8.4
1568,4800
1569,9
1570,3000
1571,4
1572,31.4
1573,8
1574,520
1575,0
1576,9420
1577,50
1578,210
1579,306
1580,125
1581,64
1582,125
1583,250
1584,248
1585,1300
1586,300
1587,-3
1588,41
1589,96
1590,73
1591,2
1592,108
1593,175
1594,50
1595,28
1596,5.2
1597,1
1598,8
1599,7
1600,30
1601,50
1602,40
1603,800
1604,30
1605,630
1606,1512
1607,48
1608,8
1609,43.96
1610,5024
1611,5024
1612,773
1613,872
1614,37.68
1615,52
1616,877
1617,50
1618,150
1619,384
1620,45
1621,75
1622,60.48
1623,120
1624,120
1625,374.46
1626,28
1627,25
1628,1_1/4
1629,15
1630,1600
1631,14
1632,15
1633,2
1634,8.5
1635,20
1636,11
1637,54
1638,24
1639,1
1640,84
1641,1.56
1642,640
1643,720
1644,1.12
1645,13
1646,6.28
1647,13
1648,576
1649,15
1650,1770
1651,50
1652,10
1653,15
1654,1
1655,628
1656,150
1657,1200
1658,91
1659,200
1660,162
1661,4
1662,4
1663,18
1664,3.2
1665,-5
1666,31
1667,660
1668,625
1669,0.36
1670,3/10
1671,109450
1672,2400
1673,30
1674,50
1675,162
1676,720
1677,6
1678,162
1679,9
1680,265
1681,3200
1682,142.86
1683,600
1684,4
1685,120
1686,150
1687,810
1688,785
1689,150
1690,1120
1691,4
1692,2
1693,40
1694,37.68
1695,576
1696,10.4
1697,1
1698,30
1699,16
1700,8
1701,20
1702,6.86
1703,1
1704,3_1/5
1705,0.25
1706,8/9
1707,33
1708,600
1709,5.5
1710,384
1711,3400
1712,6600
1713,40
1714,720
1715,10
1716,3
1717,400
1718,15
1719,720
1720,1
1721,64.81
1722,16
1723,11
1724,63.58
1725,22
1726,35
1727,50.24
1728,12
1729,360
1730,2
1731,10
1732,100
1733,37.5
1734,25
1735,50
1736,180
1737,70
1738,246
1739,520
1740,23
1741,60
1742,45
1743,1380
1744,60
1745,64
1746,80
1747,36
1748,12
1749,-1920
1750,114
1751,340
1752,7
1753,1.74
1754,25
1755,45
1756,10
1757,300
1758,31.4
1759,-166
1760,17
1761,192
1762,32.13
1763,529
1764,20
1765,300
1766,51
1767,18
1768,36
1769,8
1770,4
1771,140
1772,820
1773,2682
1774,13
1775,267
1776,800
1777,250
1778,22960
1779,1030
1780,50
1781,8
1782,1175
1783,1800
1784,67
1785,2
1786,9
1787,6
1788,952
1789,7
1790,600
1791,250
1792,20
1793,11460
1794,6
1795,22.41
1796,5.87
1797,23
1798,24
1799,500
1800,4
1801,1
1802,3360
1803,40
1804,100
1805,942
1806,7200
1807,7
1808,80
1809,8
1810,660
1811,8
1812,65.94
1813,30
1814,7
1815,72
1816,9
1817,20
1818,102
1819,72
1820,7040
1821,9
1822,2.18
1823,10
1824,4762
1825,1355
1826,10
1827,3
1828,80
1829,222.94
1830,40
1831,3
1832,5
1833,5928
1834,272
1835,452.16
1836,2745
1837,3
1838,12
1839,4
1840,120
1841,2
1842,12
1843,4
1844,280
1845,62.8
1846,16.36
1847,702
1848,10
1849,3000
1850,818
1851,151.8
1852,35
1853,1035
1854,3
1855,12
1856,1066_2/3
1857,950
1858,60
1859,45.86
1860,70
1861,10
1862,96
1863,16
1864,7
1865,7
1866,1210
1867,5
1868,10
1869,6720
1870,630
1871,30
1872,5400
1873,8000
1874,0.5
1875,11
1876,24
1877,7
1878,126
1879,46
1880,25.91
1881,7.51
1882,6
1883,3888
1884,1088
1885,41.66
1886,20
1887,6
1888,240
1889,3
1890,16
1891,1
1892,54
1893,28.26
1894,100
1895,17
1896,1
1897,3
1898,24
1899,40
1900,9
1901,40
1902,36
1903,2.1
1904,3
1905,5
1906,420
1907,925
1908,27
1909,15.75
1910,26.1
1911,1469
1912,12
1913,9
1914,0.15
1915,108
1916,12
1917,11
1918,17
1919,96
1920,12
1921,1976
1922,11
1923,5166
1924,12.88
1925,0.08
1926,12
1927,24
1928,3
1929,200.96
1930,20
1931,5
1932,40
1933,1080
1934,250
1935,3
1936,1080
1937,3.39
1938,5
1939,40
1940,534
1941,1.7
1942,125.6
1943,2000
1944,15.9
1945,3
1946,605
1947,350
1948,16
1949,36
1950,1
1951,7
1952,5
1953,26.6
1954,4
1955,4900
1956,21
1957,217
1958,34.54
1959,90
1960,16
1961,0.04
1962,3740
1963,16
1964,38624
1965,4
1966,565
1967,280
1968,125.6
1969,21
1970,89
1971,4.1
1972,36
1973,0.5
1974,6
1975,42
1976,1.1
1977,60
1978,75
1979,7
1980,3000
1981,30
1982,14.4
1983,25
1984,6
1985,42
1986,600
1987,1
1988,40
1989,2398
1990,201
1991,13
1992,-54
1993,427.5
1994,22
1995,4605
1996,1.2
1997,16
1998,3.5
1999,1.6
2000,12
2001,168
2002,6
2003,81
2004,80
2005,45
2006,260
2007,-155
2008,896
2009,621
2010,5
2011,45
2012,2800
2013,0.05
2014,2
2015,243
2016,363
2017,2.9
2018,15
2019,120
2020,70
2021,80
2022,300
2023,400
2024,10
2025,12.2
2026,130
2027,15
2028,4
2029,1
2030,1
2031,5
2032,62
2033,56
2034,8640
2035,2300
2036,648
2037,720
2038,384
2039,1
2040,1.7
2041,113.04
2042,94.2
2043,5
2044,1.5
2045,7
2046,240
2047,10
2048,8
2049,20
2050,3
2051,1159
2052,252
2053,748.8
2054,5
2055,301.44
2056,18
2057,550
2058,1.2
2059,1900000
2060,zoo
2061,42
2062,5200
2063,30.2
2064,24
2065,340
2066,7500
2067,32
2068,12.56
2069,315
2070,56
2071,270
2072,3
2073,96
2074,22
2075,75
2076,14
2077,5
2078,400
2079,2000
2080,6.77
2081,22.41
2082,35
2083,12
2084,38
2085,80
2086,414.48
2087,54
2088,300
2089,1740
2090,112
2091,108
2092,50000
2093,900
2094,672
2095,659.4
2096,314
2097,41
2098,5
2099,28
2100,780
2101,8300
2102,20
2103,50
2104,96
2105,10
2106,40
2107,57.12
2108,1560
2109,2600
2110,200
2111,4
2112,64
2113,19.97
2114,57
2115,622
2116,2
2117,200
2118,157
2119,84
2120,15
2121,88
2122,690.8
2123,7.07
2124,1.1
2125,4
2126,830
2127,99
2128,268
2129,80
2130,3
2131,300
2132,15
2133,3720
2134,7
2135,1318.8
2136,22
2137,8
2138,14
2139,12
2140,3
2141,4
2142,11
2143,12
2144,0.4
2145,9
2146,1296
2147,24
2148,1_1/12
2149,10
2150,565.2
2151,122.46
2152,4
2153,125.6
2154,699
2155,4
2156,11
2157,120
2158,15
2159,45.22
2160,20
2161,480
2162,732
2163,48
2164,22.73
2165,34.5
2166,124
2167,470
2168,72
2169,30
2170,3
2171,5
2172,1
2173,11184
2174,6
2175,1
2176,1
2177,3
2178,500
2179,150
2180,7850
2181,90
2182,715
2183,0
2184,1710
2185,100
2186,34
2187,441
2188,1456
2189,300
2190,900
2191,12
2192,30
2193,56
2194,2
2195,3400
2196,24
2197,0.4
2198,40
2199,12
2200,450
2201,176
2202,2520
2203,11400
2204,2
2205,4
2206,18
2207,40
2208,16
2209,210
2210,496
2211,160
2212,375
2213,4
2214,1.3
2215,6
2216,10
2217,636
2218,10
2219,20
2220,10890
2221,1245
2222,495
2223,13
2224,9.81
2225,63
2226,6
2227,80
2228,3.46
2229,2000
2230,75.36
2231,4
2232,48
2233,4.5
2234,1.07
2235,2.04
2236,18
2237,60
2238,48
2239,12000
2240,1500
2241,170
2242,6
2243,6300
2244,45
2245,1.9
2246,7
2247,183
2248,4.5
2249,750
2250,1884
2251,80
2252,114
2253,24
2254,1440
2255,9
2256,60
2257,5750
2258,32
2259,3
2260,360
2261,1
2262,1
2263,-4.2
2264,5
2265,100
2266,232
2267,22.5
2268,26
2269,8
2270,1
2271,80
2272,71.8
2273,13
2274,16
2275,729
2276,1053
2277,320
2278,1
2279,4.68
2280,45
2281,720
2282,10200
2283,1190
2284,3600
2285,60
2286,200
2287,10
2288,12
2289,12
2290,100
2291,45
2292,45
2293,40
2294,48
2295,50.24
2296,72
2297,5
2298,20
2299,62.8
2300,24
2301,3
2302,180
2303,10
2304,75.36
2305,6.28
2306,18
2307,997
2308,14
2309,9
2310,8
2311,5
2312,168
2313,3300
2314,5250
2315,7
2316,1404
2317,420
2318,8
2319,48
2320,63
2321,360
2322,144
2323,29.6
2324,75
2325,1000
2326,399
2327,70
2328,1
2329,13
2330,69
2331,39
2332,1
2333,4200
2334,0.62
2335,120
2336,12
2337,5
2338,822
2339,2
2340,2
2341,1520
2342,14.4
2343,87
2344,1
2345,98
2346,52
2347,432
2348,48
2349,327
2350,1480
2351,50
2352,240
2353,12
2354,300
2355,240
2356,17
2357,13
2358,5250
2359,1243
2360,1
2361,6
2362,448
2363,8.8
2364,476
2365,330
2366,20
2367,2
2368,48
2369,4
2370,200
2371,7
2372,6.78
2373,198
2374,48
2375,40
2376,10
2377,43
2378,11
2379,8.5
2380,90
2381,24
2382,3
2383,3231
2384,16
2385,222
2386,112
2387,930
2388,15
2389,1
2390,9
2391,20
2392,210
2393,15
2394,27.8
2395,5
2396,120
2397,20
2398,1281
2399,2
2400,25.2
2401,32
2402,1
2403,8
2404,70
2405,16
2406,62
2407,2.51
2408,12
2409,113.04
2410,4
2411,75.36
2412,5
2413,4
2414,8
2415,300
2416,12.56
2417,235_85/89
2418,92
2419,8
2420,1.88
2421,600
2422,6
2423,3_1/2
2424,32.27
2425,2160
2426,96
2427,8
2428,75
2429,7.2
2430,57
2431,13
2432,4
2433,3
2434,120
2435,6
2436,59.2
2437,179.2
2438,19
2439,8
2440,8
2441,11
2442,36
2443,18
2444,40
2445,6
2446,150
2447,280
2448,14
2449,1000
2450,2
2451,30
2452,24
2453,193.4
2454,9
2455,24.09
2456,1
2457,176
2458,22
2459,1256
2460,7
2461,6
2462,3
2463,28
2464,53.38
2465,270
2466,28.26
2467,1
2468,28
2469,4
2470,16
2471,44
2472,-8
2473,120
2474,3
2475,80
2476,25
2477,5
2478,25
2479,60
2480,14
2481,50
2482,24
2483,44
2484,13
2485,600
2486,14
2487,880
2488,4
2489,8
2490,12
2491,10
2492,12
2493,2
2494,80
2495,980
2496,25
2497,21000
2498,5/12
2499,100
2500,116
2501,50
2502,2000
2503,30
2504,1
2505,10
2506,5
2507,17
2508,216
2509,240
2510,6
2511,50.24
2512,7630
2513,37.68
2514,2.4
2515,16
2516,1
2517,15.07
2518,150.72
2519,4
2520,196
2521,5840
2522,38.47
2523,4
2524,12
2525,2560
2526,48
2527,148
2528,40
2529,66
2530,12
2531,3
2532,10
2533,19
2534,15
2535,75.36
2536,32
2537,180
2538,0.4
2539,72
2540,11
2541,8
2542,9
2543,2
2544,300
2545,15
2546,120
2547,200
2548,620
2549,21
2550,4
2551,5
2552,-180
2553,1
2554,45
2555,3.5
2556,392
2557,628
2558,3
2559,9
2560,0.36
2561,20
2562,9.2
2563,30
2564,15
2565,870
2566,80
2567,50.24
2568,2
2569,720
2570,140
2571,2842
2572,282.61
2573,3
2574,5
2575,54
2576,4
2577,127.5
2578,15.7
2579,3315.84
2580,17
2581,12.5
2582,12
2583,66
2584,0.02
2585,4
2586,50
2587,8
2588,48
2589,5
2590,3.6
2591,14
2592,45
2593,220
2594,240
2595,400
2596,43_1/5
2597,7_19/20
2598,43.2
2599,60
2600,125
2601,3360
2602,2700
2603,43.2
2604,16
2605,46
2606,21
2607,3
2608,7
2609,20
2610,13
2611,12.56
2612,1364
2613,161
2614,20
2615,289
2616,23.4
2617,1800
2618,900
2619,3
2620,1
2621,1
2622,1
2623,17
2624,4
2625,19
2626,251.2
2627,300
2628,21
2629,179
2630,154
2631,3
2632,4
2633,74
2634,0.6
2635,200
2636,6
2637,36.74
2638,20
2639,13
2640,3
2641,9
2642,10
2643,330
2644,12
2645,128
2646,102
2647,34
2648,19
2649,120
2650,2
2651,20
2652,4
2653,300
2654,400
2655,2.4
2656,750
2657,-30
2658,4_1/2
2659,21.9
2660,37.68
2661,25
2662,-3
2663,24
2664,450
2665,1728
2666,3.46
2667,10
2668,135
2669,85
2670,1
2671,1500
2672,35
2673,48
2674,50
2675,35
2676,24
2677,2
2678,784
2679,315.9
2680,60
2681,13
2682,0.08
2683,150
2684,50
2685,2800
2686,1
2687,50
2688,144
2689,4
2690,180
2691,6800
2692,1
2693,246
2694,5.1
2695,8
2696,122.46
2697,530
2698,3
2699,24
2700,11
2701,24
2702,1200
2703,100
2704,84
2705,200
2706,300
2707,6
2708,6
2709,3.7
2710,600
2711,13
2712,55.3
2713,720
2714,2
2715,370
2716,113.04
2717,300
2718,18
2719,3
2720,10850
2721,1512
2722,19200
2723,2223
2724,20400
2725,18
2726,15
2727,69
2728,2220
2729,10
2730,140
2731,3
2732,5
2733,200
2734,6
2735,4.71
2736,8
2737,1
2738,7.03
2739,22
2740,3
2741,11
2742,4
2743,340
2744,40
2745,45
2746,14
2747,24
2748,300
2749,340
2750,26
2751,16
2752,1000
2753,1
2754,10
2755,160
2756,1.26
2757,200
2758,20.16
2759,1.6
2760,2
2761,910
2762,200
2763,432
2764,116
2765,20.8
2766,5
2767,2
2768,419
2769,3
2770,10
2771,2637.6
2772,6
2773,30
2774,4
2775,24
2776,5
2777,14
2778,100
2779,250
2780,11_2/3
2781,30
2782,6
2783,8
2784,375
2785,8
2786,1460
2787,43
2788,80
2789,13
2790,7
2791,4
2792,36
2793,4
2794,67
2795,100
2796,60
2797,5
2798,5.91
2799,4
2800,7
2801,352
2802,6
2803,5
2804,1544
2805,246
2806,2
2807,15
2808,10
2809,16
2810,150.72
2811,1344
2812,120
2813,6
2814,150.72
2815,0.5
2816,12
2817,900
2818,49
2819,120
2820,3.14
2821,130
2822,320
2823,20
2824,1
2825,70
2826,3800
2827,3
2828,250
2829,32
2830,3111
2831,17
2832,10
2833,120
2834,348
2835,6
2836,19.33
2837,920
2838,600
2839,1
2840,14
2841,26
2842,60
2843,33
2844,340
2845,1130.4
2846,15
2847,30
2848,141.3
2849,846
2850,9
2851,50.24
2852,4
2853,40
2854,30
2855,1
2856,-2
2857,28
2858,3
2859,10
2860,5500
2861,308
2862,8
2863,22.05
2864,16
2865,16
2866,10
2867,25
2868,4.71
2869,1000
2870,280
2871,6000
2872,1188
2873,3.6
2874,25.12
2875,75
2876,6
2877,1
2878,910
2879,32
2880,5.2
2881,7200
2882,1
2883,30
2884,2
2885,6
2886,78
2887,1256
2888,1380
2889,5024
2890,1610
2891,270
2892,2
2893,8
2894,320
2895,1
2896,5
2897,101
2898,2110
2899,1375
2900,9
2901,527
2902,53
2903,9
2904,90
2905,132
2906,23
2907,0.6
2908,50.24
2909,720
2910,11
2911,11
2912,505
2913,66
2914,4
2915,160
2916,15.33
2917,301.44
2918,55
2919,379
2920,200
2921,24
2922,32
2923,6600
2924,1
2925,8
2926,11685
2927,6
2928,510
2929,8
2930,1320
2931,16
2932,1512
2933,4
2934,4
2935,10
2936,85
2937,78.5
2938,8
2939,0.01
2940,27000
2941,326
2942,1256
2943,27
2944,12
2945,120
2946,500
2947,200
2948,65
2949,400
2950,36
2951,3
2952,144
2953,54
2954,2400
2955,169
2956,10
2957,2
2958,36
2959,10
2960,4
2961,15
2962,41
2963,100
2964,50.24
2965,14
2966,-20
2967,81
2968,60
2969,70
2970,24
2971,10.6
2972,60
2973,8
2974,8.4
2975,12
2976,8.2
2977,125.6
2978,180
2979,25
2980,146
2981,1
2982,7
2983,20000
2984,32000
2985,175
2986,1.68
2987,-1
2988,6333_1/3
2989,3
2990,5.6
2991,1.6
2992,1570
2993,5
2994,1800
2995,14_1/4
2996,100
2997,115
2998,18
2999,53
3000,100
3001,320
3002,88
3003,154.2
3004,0.5
3005,-20
3006,27
3007,43
3008,126
3009,135.65
3010,82.43
3011,0.18
3012,120.58
3013,1271
3014,0.94
3015,1250
3016,18
3017,700
3018,100
3019,135
3020,50
3021,25
3022,40
3023,150
3024,15
3025,100
3026,44
3027,7200
3028,3768
3029,2
3030,2
3031,742
3032,11
3033,4
3034,8
3035,40
3036,140
3037,5
3038,1
3039,1
3040,439.6
3041,1
3042,8
3043,3
3044,150
3045,15
3046,340
3047,1680
3048,48
3049,22
3050,3.4
3051,90
3052,25
3053,114
3054,21
3055,2
3056,400
3057,2
3058,675
3059,537
3060,1500
3061,1248
3062,62.8
3063,50.24
3064,53
3065,65
3066,1500
3067,60
3068,140
3069,1000
3070,120
3071,3540
3072,1
3073,92
3074,4.3
3075,2000
3076,25
3077,12560
3078,72
3079,45
3080,57
3081,120
3082,12560
3083,0.5
3084,12
3085,54
3086,1750
3087,2
3088,6
3089,19
3090,1
3091,558
3092,18
3093,45
3094,127.4
3095,142.24
3096,32.5
3097,2
3098,157
3099,3
3100,2.36
3101,1
3102,48
3103,24
3104,72
3105,15
3106,45
3107,300
3108,50
3109,-4
3110,4
3111,360
3112,192
3113,160
3114,470
3115,1.2
3116,1050
3117,240
3118,61
3119,45
3120,41.5
3121,456
3122,450
3123,16
3124,10
3125,160
3126,750
3127,11_1/5
3128,33
3129,500
3130,3250
3131,105_3/5
3132,10
3133,5.7
3134,25120
3135,80
3136,150.72
3137,122.46
3138,640
3139,200
3140,1
3141,12000
3142,10
3143,18
3144,8
3145,508
3146,-10
3147,56.25
3148,1.1
3149,600
3150,22
3151,180
3152,6
3153,30
3154,-9.4
3155,12
3156,24
3157,0.9
3158,120
3159,16
3160,65
3161,80
3162,17280
3163,1
3164,1.44
3165,64
3166,45
3167,26
3168,94
3169,6
3170,20
3171,40
3172,32
3173,15
3174,76
3175,140
3176,1791
3177,41
3178,624
3179,48
3180,2700
3181,36.3
3182,2.7
3183,0.7
3184,720
3185,180
3186,5.5
3187,-121
3188,807
3189,15
3190,72
3191,255
3192,368
3193,60
3194,720
3195,30
3196,52
3197,6400
3198,1800
3199,465
3200,70
3201,96
3202,3600
3203,48
3204,153
3205,9
3206,770
3207,94
3208,93
3209,85
3210,120
3211,11.14
3212,72
3213,8
3214,9
3215,75
3216,600
3217,800
3218,24
3219,130
3220,11
3221,4
3222,15
3223,210
3224,360
3225,175
3226,160
3227,3
3228,30
3229,8
3230,2520
3231,384
3232,360
3233,123
3234,38
3235,2880
3236,864
3237,3250
3238,175
3239,85
3240,63
3241,9900
3242,1158
3243,1160
3244,1600
3245,50
3246,1820
3247,372
3248,1880
3249,3600
3250,180
3251,71
3252,300
3253,1200
3254,30
3255,6
3256,25
3257,3
3258,8
3259,4
3260,1692
3261,8
3262,6
3263,24
3264,3
3265,7
3266,8
3267,480
3268,35
3269,186
3270,225
3271,24
3272,27
3273,8
3274,75
3275,336
3276,180
3277,35
3278,305
3279,625
3280,784
3281,5124
3282,6
3283,130
3284,1208
3285,5
3286,11
3287,9
3288,53
3289,5400
3290,250
3291,218
3292,1
3293,9
3294,45
3295,29
3296,86
3297,200
3298,1000
3299,105
3300,13
3301,27
3302,228
3303,109
3304,99
3305,11
3306,447
3307,477
3308,103
3309,39
3310,112
3311,660
3312,84
3313,9
3314,31
3315,8
3316,63
3317,315
3318,362
3319,8
3320,220
3321,54
3322,605
3323,21
3324,7680
3325,60
3326,200
3327,8250
3328,1425
3329,32
3330,102
3331,90
3332,250
3333,2160
3334,420
3335,90
3336,203
3337,31
3338,448
3339,2880
3340,200
3341,720
3342,95
3343,4
3344,569
3345,20
3346,100
3347,15
3348,2400
3349,180
3350,32
3351,13
3352,13
3353,48
3354,39
3355,2600
3356,784
3357,130
3358,60
3359,86
3360,550
3361,520
3362,204
3363,504
3364,35
3365,40
3366,37
3367,300
3368,119
3369,10
3370,13500
3371,2205
3372,1052
3373,990
3374,658
3375,360
3376,12
3377,910
3378,300
3379,256
3380,27
3381,1043
3382,105
3383,-117
3384,1122
3385,84
3386,239
3387,15
3388,24
3389,25
3390,98
3391,432
3392,960
3393,60
3394,40
3395,130
3396,24
3397,25
3398,60
3399,100
3400,845
3401,90
3402,5
3403,52
3404,30
3405,46
3406,214
3407,400
3408,38
3409,20
3410,100
3411,6
3412,216
3413,4185
3414,5
3415,207
3416,6
3417,10
3418,16
3419,2250
3420,52
3421,111
3422,552
3423,5014
3424,1764
3425,3
3426,6240
3427,432
3428,15
3429,25
3430,3
3431,38
3432,3035
3433,7
3434,131
3435,33.62
3436,5
3437,23
3438,72
3439,87
3440,0.72
3441,390
3442,100
3443,10
3444,2015
3445,279
3446,700
3447,8
3448,45
3449,96
3450,1400
3451,172
3452,5200
3453,5
3454,1944
3455,98
3456,4
3457,2.67
3458,120
3459,8
3460,33
3461,5
3462,15
3463,336
3464,-54
3465,3
3466,180
3467,180
3468,57.9
3469,430
3470,4.9
3471,15
3472,7
3473,1000
3474,22
3475,17
3476,23
3477,25
3478,8
3479,600
3480,360
3481,6.55
3482,34
3483,126
3484,800
3485,64
3486,8
3487,72
3488,288
3489,150
3490,20
3491,1728
3492,6
3493,9
3494,10
3495,15
3496,10
3497,6
3498,0.8
3499,6
3500,6
3501,16
3502,100
3503,800
3504,4
3505,3120
3506,26
3507,62
3508,275
3509,13
3510,300
3511,420
3512,13
3513,3750
3514,21.75
3515,5760
3516,352
3517,6
3518,7
3519,3500
3520,192
3521,8
3522,24
3523,3
3524,57
3525,500
3526,150
3527,114000
3528,5
3529,58
3530,4
3531,-3
3532,23
3533,488
3534,1
3535,5
3536,10
3537,6
3538,192
3539,276
3540,50
3541,2400
3542,12180
3543,2500
3544,6
3545,5
3546,8
3547,1494
3548,588
3549,2000
3550,8
3551,75
3552,15
3553,5050
3554,205
3555,720
3556,316
3557,9
3558,250000
3559,5
3560,428
3561,1400
3562,840
3563,9
3564,380
3565,175
3566,32
3567,2583
3568,1488
3569,2
3570,12
3571,6
3572,8
3573,35
3574,42
3575,8800
3576,20
3577,20
3578,20
3579,30
3580,3960
3581,80
3582,74
3583,24
3584,338
3585,41
3586,80
3587,0
3588,6480
3589,85
3590,4500
3591,52
3592,24
3593,15
3594,7
3595,2000
3596,175
3597,6
3598,23
3599,4
3600,194
3601,89600
3602,74
3603,817
3604,1500
3605,640
3606,40
3607,15
3608,21
3609,9
3610,3
3611,25
3612,634.2
3613,84
3614,945
3615,8
3616,480
3617,113
3618,3
3619,160
3620,648
3621,5
3622,450
3623,120.91
3624,-9
3625,4240
3626,102
3627,32
3628,1080
3629,630
3630,1200
3631,920
3632,660
3633,13000
3634,3575
3635,125
3636,140
3637,519
3638,14.81
3639,300
3640,166
3641,6
3642,108
3643,3330
3644,21.45
3645,24
3646,18
3647,2450
3648,3
3649,690
3650,20
3651,3
3652,48
3653,250
3654,168
3655,54
3656,161
3657,1035
3658,70
3659,982
3660,24
3661,3600
3662,8
3663,78
3664,-21
3665,566
3666,98
3667,305
3668,485
3669,588
3670,2916
3671,1440
3672,14
3673,100
3674,26.5
3675,640
3676,10665
3677,1
3678,0.95
3679,5880
3680,10080
3681,880
3682,6
3683,6
3684,9.5
3685,272
3686,1536
3687,400
3688,1000
3689,384
3690,300
3691,5
3692,8
3693,40
3694,1118
3695,504
3696,59
3697,2
3698,2350
3699,191
3700,1632
3701,390
3702,880
3703,4
3704,1350
3705,5
3706,4500
3707,168
3708,0
3709,44
3710,6
3711,104
3712,18090
3713,12
3714,600
3715,570
3716,10000
3717,509
3718,12
3719,684
3720,16
3721,318
3722,655
3723,72
3724,158625
3725,7
3726,40
3727,38
3728,12
3729,10
3730,1250
3731,84
3732,560
3733,68
3734,534
3735,800
3736,107
3737,3800
3738,640
3739,14000
3740,429
3741,600
3742,728
3743,4710
3744,140
3745,450
3746,212
3747,8
3748,300
3749,30
3750,2668
3751,120
3752,200
3753,288
3754,1176
3755,720
3756,59
3757,52
3758,3360
3759,5000
3760,252
3761,96
3762,78
3763,3
3764,0.42
3765,11
3766,4
3767,2210
3768,300
3769,12
3770,49
3771,2160
3772,108
3773,7
3774,600
3775,12
3776,20000
3777,24
3778,76475
3779,3
3780,552
3781,15
3782,11
3783,175
3784,72
3785,80
3786,23800
3787,68
3788,414
3789,514
3790,1
3791,3430
3792,126
3793,65
3794,190
3795,93.6
3796,24
3797,18
3798,102
3799,763
3800,1100
3801,27
3802,8130
3803,3
3804,9
3805,84
3806,1679
3807,4400
3808,54
3809,13
3810,450
3811,144
3812,60
3813,125
3814,900
3815,24
3816,667
3817,15
3818,45
3819,36
3820,10850
3821,40
3822,36
3823,20
3824,120
3825,6
3826,36
3827,200
3828,816
3829,1770
3830,121
3831,43.2
3832,112000
3833,6
3834,360
3835,60
3836,768
3837,8
3838,45
3839,2970
3840,81
3841,1232
3842,192
3843,3767
3844,1.5
3845,6
3846,8
3847,576
3848,15
3849,5850
3850,90
3851,256
3852,4
3853,54
3854,2520
3855,350
3856,96
3857,216
3858,455
3859,2750
3860,960
3861,96
3862,140
3863,1440
3864,468
3865,3900
3866,1680
3867,375
3868,368
3869,5000
3870,10
3871,40
3872,28
3873,1120
3874,27
3875,5760
3876,54
3877,120
3878,716
3879,29
3880,10.24
3881,4
3882,24
3883,27
3884,29
3885,0
3886,22
3887,8
3888,8
3889,1200
3890,144
3891,16
3892,1.46
3893,108
3894,15
3895,24
3896,270
3897,9
3898,12
3899,5
3900,8
3901,12
3902,40
3903,2800
3904,2
3905,61
3906,144
3907,168
3908,14.5
3909,0.36
3910,410
3911,6
3912,91
3913,140
3914,18414
3915,2800
3916,510
3917,20
3918,3360
3919,312
3920,28
3921,580
3922,2100
3923,18
3924,775
3925,10
3926,4
3927,240
3928,225
3929,450
3930,225
3931,4.08
3932,240
3933,94
3934,95
3935,25
3936,1680
3937,27
3938,651
3939,9720
3940,396
3941,1247
3942,6
3943,768
3944,32.6
3945,6
3946,204
3947,4
3948,60
3949,-22
3950,1035
3951,420
3952,2
3953,324
3954,462
3955,1600
3956,682
3957,4
3958,6
3959,16
3960,102.5
3961,81
3962,72
3963,375
3964,437
3965,19
3966,60
3967,10
3968,336
3969,18
3970,12
3971,80
3972,45
3973,422
3974,60
3975,40
3976,8
3977,90
3978,21
3979,16
3980,14
3981,325
3982,4
3983,540
3984,14
3985,800
3986,51
3987,0.03
3988,7
3989,45
3990,2100
3991,27
3992,183600
3993,69
3994,400
3995,14
3996,18
3997,46
3998,600
3999,62
4000,51
4001,19
4002,1485
4003,1744
4004,2402
4005,48
4006,76
4007,682
4008,110
4009,144
4010,320
4011,40
4012,440
4013,15
4014,135
4015,88
4016,20
4017,94
4018,9.4
4019,18.4
4020,18
4021,2
4022,8
4023,230
4024,65
4025,600
4026,3046
4027,0
4028,400
4029,4
4030,40
4031,18
4032,327
4033,960
4034,17
4035,8
4036,5
4037,226.5
4038,1840
4039,174.1
4040,35.7
4041,500
4042,50
4043,800
4044,12
4045,100
4046,2400
4047,2500
4048,88
4049,360
4050,180
4051,4
4052,300
4053,18
4054,0
4055,126
4056,12
4057,250
4058,234
4059,24
4060,240
4061,3080
4062,2880
4063,645
4064,2
4065,200
4066,152
4067,140
4068,20
4069,11
4070,18.8
4071,6000
4072,34
4073,176
4074,1400
4075,182
4076,30
4077,6
4078,13.75
4079,157
4080,6
4081,176
4082,965
4083,1712
4084,10
4085,600
4086,123
4087,1442
4088,1200
4089,11
4090,48
4091,930
4092,115
4093,20
4094,9600
4095,3284
4096,4
4097,3
4098,396
4099,2040
4100,35
4101,100
4102,1600
4103,5
4104,57
4105,1600
4106,10
4107,576
4108,61
4109,3.3
4110,4
4111,2
4112,6
4113,38
4114,2900
4115,70
4116,8
4117,16
4118,12
4119,690
4120,25
4121,10
4122,44
4123,9
4124,8
4125,30
4126,5000
4127,1130
4128,98
4129,75
4130,88
4131,722
4132,1095
4133,26.2
4134,710
4135,10.9
4136,456
4137,2
4138,15
4139,1
4140,50
4141,200
4142,1920
4143,675
4144,1112
4145,60
4146,58
4147,4
4148,11
4149,1163
4150,202
4151,30
4152,8
4153,504
4154,837
4155,6
4156,1
4157,424
4158,18
4159,6
4160,110
4161,240
4162,3.14
4163,3520
4164,73
4165,288
4166,109
4167,600
4168,-15
4169,-22
4170,64
4171,19
4172,3
4173,6400
4174,1728
4175,400
4176,28
4177,189.76
4178,189.76
4179,17.5
4180,80
4181,12
4182,35.68
4183,169
4184,480
4185,10.6
4186,10
4187,72
4188,6
4189,4
4190,20
4191,3.14
4192,75
4193,1
4194,12
4195,9.42
4196,100
4197,360
4198,50.24
4199,27
4200,1440
4201,24
4202,2
4203,8
4204,3.14
4205,18750
4206,9
4207,899
4208,136
4209,780
4210,83
4211,4
4212,4.64
4213,36
4214,260
4215,30
4216,4
4217,200
4218,75
4219,1050
4220,10
4221,75
4222,28
4223,384
4224,-11
4225,326.56
4226,-77
4227,360
4228,7
4229,188.4
4230,36
4231,80
4232,9.42
4233,1
4234,10.28
4235,16
4236,29
4237,3
4238,4
4239,132
4240,30
4241,30
4242,80
4243,200
4244,60.45
4245,1280
4246,700
4247,36
4248,440
4249,2
4250,7
4251,27
4252,900
4253,5
4254,320
4255,1.96
4256,201.6
4257,10
4258,190
4259,10
4260,10
4261,1096
4262,18
4263,738
4264,288
4265,8
4266,0.9
4267,56
4268,37
4269,7.85
4270,4
4271,46
4272,36
4273,63
4274,32
4275,540
4276,960
4277,140
4278,30
4279,5472
4280,306
4281,122.46
4282,90
4283,50
4284,27
4285,900
4286,33
4287,2700
4288,90
4289,1
4290,160
4291,9
4292,11
4293,5855
4294,250
4295,144
4296,64
4297,414
4298,176
4299,40
4300,7
4301,5
4302,1440
4303,2_9/13
4304,280
4305,75
4306,30
4307,19
4308,6
4309,200
4310,1
4311,2734
4312,30
4313,108
4314,1
4315,1
4316,2646
4317,1120
4318,47.5
4319,18
4320,187
4321,4
4322,255
4323,18
4324,9
4325,75.36
4326,51.46
4327,2
4328,60
4329,4.52
4330,72
4331,2606
4332,15
4333,288
4334,342
4335,200
4336,384
4337,90_2/3
4338,32
4339,16
4340,1
4341,670
4342,120
4343,1500
4344,112
4345,88.69
4346,1
4347,25.4
4348,1
4349,6
4350,5
4351,500
4352,6
4353,16
4354,5
4355,6
4356,11
4357,102
4358,1.3
4359,18
4360,100
4361,4
4362,3
4363,8
4364,563
4365,17
4366,20
4367,1_38/45
4368,16
4369,507
4370,42
4371,5
4372,4
4373,18
4374,9
4375,1
4376,76
4377,116.78
4378,50
4379,18
4380,4
4381,100
4382,0.09
4383,45
4384,284
4385,6
4386,14
4387,2.5
4388,2
4389,40
4390,2000
4391,1764
4392,4.9
4393,0.08
4394,18
4395,6400
4396,6400
4397,1250
4398,7
4399,7
4400,45
4401,990
4402,48
4403,25
4404,75
4405,9
4406,9
4407,16.8
4408,13
4409,6
4410,2
4411,22.04
4412,8.64
4413,426
4414,1236
4415,1
4416,45
4417,80
4418,1000
4419,0
4420,6
4421,75
4422,12_2/3
4423,40
4424,42067.63
4425,53_1/3
4426,12600
4427,12.6
4428,150.72
4429,7
4430,282.6
4431,20
4432,1
4433,96
4434,0.1
4435,2400
4436,50
4437,9
4438,28.26
4439,3.14
4440,10
4441,2000
4442,1
4443,0.01
4444,280
4445,18
4446,16
4447,160
4448,50.24
4449,235.5
4450,28.26
4451,3
4452,2
4453,15
4454,13
4455,12
4456,945
4457,13.01
4458,1
4459,6
4460,2
4461,141.3
4462,30
4463,30.84
4464,125.6
4465,28.26
4466,7.07
4467,6.28
4468,90
4469,840
4470,1600
4471,450
4472,28.26
4473,0.3
4474,30900
4475,6.28
4476,8
4477,9
4478,180
4479,120
4480,150
4481,630
4482,75.36
4483,438
4484,240
4485,150
4486,4608
4487,12
4488,5
4489,50.24
4490,78.5
4491,0.9
4492,62.8
4493,3.5
4494,1120
4495,12
4496,12.56
4497,21.98
4498,16
4499,25
4500,77
4501,93.5
4502,3
4503,540
4504,25.12
4505,1
4506,62.8
4507,12.56
4508,9
4509,3982
4510,25
4511,1
4512,12
4513,14
4514,110
4515,2
4516,-18.84
4517,254.34
4518,65.94
4519,34
4520,2/9
4521,0.36
4522,5100
4523,11
4524,17.12
4525,7
4526,17
4527,224
4528,5
4529,800
4530,6
4531,150
4532,5000
4533,6
4534,50
4535,6
4536,135
4537,480
4538,0.5
4539,219.8
4540,2300
4541,2
4542,5024
4543,28.26
4544,67.82
4545,7
4546,480
4547,70
4548,3932
4549,602
4550,50.24
4551,1
4552,11.44
4553,60
4554,3.2
4555,18
4556,160.14
4557,235.5
4558,-74
4559,30
4560,1
4561,21.98
4562,2.7
4563,30
4564,5_1/2
4565,3000
4566,250
4567,25.7
4568,314
4569,1
4570,3.4
4571,4
4572,2
4573,157
4574,125.6
4575,4
4576,5
4577,4
4578,21
4579,18.09
4580,4
4581,18.84
4582,40
4583,5.02
4584,9
4585,6.28
4586,9.42
4587,4/9
4588,16
4589,1400
4590,11
4591,4
4592,60
4593,2198
4594,4
4595,2
4596,7
4597,7
4598,196
4599,891
4600,21.98
4601,125.6
4602,90
4603,250
4604,2.51
4605,3.14
4606,2218.41
4607,100.48
4608,1
4609,120876.14
4610,34
4611,628
4612,19.62
4613,62.8
4614,19.5
4615,9.42
4616,1.5
4617,3768
4618,240
4619,213.38
4620,12.56
4621,0.53
4622,12
4623,688
4624,14.13
4625,600
4626,28
4627,21.98
4628,90
4629,15
4630,27.6
4631,1125000
4632,74
4633,12
4634,21
4635,-11
4636,52
4637,91.98
4638,7
4639,21
4640,60
4641,-2.35
4642,14.13
4643,63.59
4644,4050
4645,2184
4646,12.5
4647,64
4648,3
4649,-200
4650,5
4651,31.85
4652,800
4653,35.5
4654,1000
4655,0.31
4656,3990
4657,82.08
4658,20
4659,8.4
4660,58.88
4661,1530
4662,5275.2
4663,1
4664,4
4665,71.4
4666,12
4667,21.98
4668,28
4669,7850
4670,32
4671,251.2
4672,45.4
4673,140
4674,56
4675,3
4676,157
4677,1
4678,24.3
4679,28.26
4680,42
4681,33/56
4682,1
4683,11
4684,392.5
4685,21.84
4686,2
4687,200
4688,900
4689,1
4690,2.62
4691,40
4692,75
4693,106.76
4694,31
4695,87.92
4696,280
4697,0.48
4698,25
4699,78.5
4700,1177.5
4701,57.12
4702,5
4703,4
4704,8
4705,23.55
4706,750
4707,54
4708,469
4709,88
4710,1/4
4711,172
4712,11
4713,112
4714,87.92
4715,-2.1
4716,6.28
4717,28.26
4718,720
4719,90.1
4720,1.05
4721,562
4722,894
4723,42
4724,21.98
4725,56.52
4726,27
4727,20
4728,78.5
4729,60
4730,2
4731,840
4732,1500
4733,36
4734,11200
4735,3
4736,200
4737,17
4738,1500
4739,1600
4740,1507.2
4741,50.24
4742,0.02
4743,20.1
4744,567
4745,863.5
4746,9
4747,42
4748,1256
4749,226.08
4750,90
4751,24
4752,-21.44
4753,360
4754,150
4755,9600
4756,62.8
4757,13
4758,1000000
4759,13334
4760,50.24
4761,3
4762,0.38
4763,5000
4764,0.5
4765,14
4766,113.04
4767,1256
4768,10
4769,75.36
4770,75.36
4771,71.74
4772,12.6
4773,1950
4774,90
4775,64
4776,7
4777,23.55
4778,12.5%
4779,36
4780,30
4781,15
4782,62.8
4783,18
4784,564
4785,19625
4786,600
4787,600
4788,4
4789,0.79
4790,30
4791,4770
4792,78.5
4793,1256
4794,72
4795,62.8
4796,706.5
4797,7
4798,3
4799,56.52
4800,15.7
4801,0.06
4802,140.85
4803,7.96
4804,125
4805,552.64
4806,63.11
4807,942
4808,141.3
4809,1286144
4810,113.04
4811,1884
4812,62.8
4813,100
4814,400
4815,216
4816,10
4817,1
4818,9.1
4819,12
4820,6
4821,120.1
4822,4
4823,414.12
4824,0.91
4825,85
4826,3
4827,37
4828,12.56
4829,144
4830,360
4831,2826
4832,616
4833,3
4834,6
4835,80
4836,1.54
4837,6.59
4838,25
4839,9.42
4840,5
4841,8
4842,180
4843,56
4844,15
4845,550
4846,6
4847,2
4848,696
4849,384
4850,20
4851,9
4852,157
4853,353
4854,8/15
4855,30
4856,40
4857,3000
4858,13
4859,1
4860,9
4861,157
4862,5
4863,1
4864,20/27
4865,12.56
4866,15
4867,6_2/3
4868,99.25
4869,85
4870,28
4871,5
4872,50
4873,1507.2
4874,3014.4
4875,251.2
4876,314
4877,502.4
4878,192000
4879,4
4880,28.26
4881,8
4882,23
4883,1
4884,4
4885,420
4886,24
4887,7
4888,45
4889,10
4890,9
4891,150
4892,7
4893,2200
4894,15
4895,6
4896,63
4897,90
4898,4
4899,8
4900,48
4901,25
4902,26
4903,560
4904,62.8
4905,62.8
4906,20
4907,2
4908,200
4909,128
4910,3
4911,113.04
4912,12
4913,3
4914,2
4915,78
4916,63
4917,36
4918,2
4919,225
4920,196
4921,1005
4922,13.2
4923,-13
4924,5_5/7
4925,27
4926,1000
4927,1530
4928,240
4929,12
4930,120
4931,18
4932,5
4933,0.8
4934,31.5
4935,3
4936,38
4937,6
4938,1
4939,4
4940,108.71
4941,3
4942,5
4943,10
4944,67.5
4945,10
4946,8
4947,21
4948,7.5
4949,7.5
4950,28
4951,-45
4952,420
4953,-57
4954,448
4955,1
4956,52
4957,8
4958,3
4959,50.24
4960,37.68
4961,90
4962,1
4963,15
4964,1.7
4965,25
4966,65
4967,250
4968,52
4969,62
4970,68
4971,45
4972,68
4973,43
4974,18
4975,63
4976,18
4977,18
4978,17
4979,-7
4980,56
4981,9
4982,84
4983,56
4984,63
4985,18
4986,16
4987,24
4988,27
4989,12
4990,35
4991,18
4992,4
4993,4
4994,6
4995,28
4996,3
4997,6
4998,94
4999,9
5000,36
5001,27
5002,32
5003,60
5004,78
5005,125
5006,-6
5007,23
5008,8
5009,-49
5010,61
5011,47
5012,8
5013,5
5014,7
5015,45
5016,6
5017,6
5018,26
5019,8
5020,8
5021,28
5022,47
5023,6
5024,9
5025,37.5
5026,81
5027,0
5028,28
5029,20
5030,20
5031,46
5032,44
5033,-40
5034,17
5035,10
5036,2
5037,11
5038,38
5039,48
5040,8
5041,4
5042,25
5043,31
5044,62
5045,19
5046,-3
5047,4
5048,12
5049,18
5050,13
5051,3
5052,11
5053,25
5054,31
5055,91
5056,35
5057,90
5058,56
5059,26
5060,81
5061,4
5062,55
5063,55
5064,6
5065,18
5066,30
5067,89
5068,97
5069,80
5070,3
5071,51
5072,88
5073,16
5074,24
5075,48
5076,26
5077,4
5078,42
5079,7
5080,9
5081,30
5082,28
5083,16
5084,6
5085,56
5086,28
5087,24
5088,18
5089,33
5090,28
5091,16
5092,24
5093,23
5094,8
5095,2
5096,8
5097,16
5098,15
5099,18
5100,8
5101,18
5102,6
5103,15
5104,40
5105,18
5106,33
5107,7
5108,19
5109,20
5110,82
5111,21
5112,8
5113,27
5114,38
5115,23
5116,18
5117,70
5118,19
5119,8
5120,18
5121,131
5122,640
5123,6
5124,5907
5125,52
5126,32
5127,34
5128,700
5129,5
5130,2
5131,9375
5132,266
5133,36
5134,300
5135,30
5136,3
5137,6
5138,14
5139,15
5140,42.58
5141,3.14
5142,1
5143,1791
5144,4
5145,2
5146,80
5147,5000
5148,5024
5149,64
5150,1232
5151,41
5152,17
5153,16
5154,14.58
5155,4860
5156,69.5
5157,40
5158,2845
5159,240
5160,40
5161,255
5162,42
5163,17
5164,4000
5165,2
5166,360
5167,576
5168,60
5169,1227.74
5170,344
5171,9
5172,1.01
5173,1700
5174,30
5175,32
5176,3
5177,12
5178,502.4
5179,22500
5180,28
5181,0.5
5182,5000
5183,60
5184,50
5185,2
5186,1450
5187,974
5188,0.14
5189,130000
5190,3
5191,16
5192,36
5193,8
5194,22.5
5195,75
5196,60
5197,44
5198,16
5199,1.8
5200,960
5201,0.05
5202,18
5203,14
5204,36
5205,36.3
5206,5
5207,500
5208,10
5209,0.86
5210,60
5211,0.4
5212,1600
5213,20
5214,45
5215,7.5
5216,13
5217,12.56
5218,32
5219,50.87
5220,340
5221,6
5222,400
5223,80
5224,1200
5225,36
5226,75
5227,7
5228,40
5229,2000
5230,8.02
5231,12
5232,28
5233,24
5234,3360
5235,25200
5236,977.84
5237,14
5238,42
5239,144
5240,6
5241,2300
5242,600
5243,314
5244,14400
5245,64
5246,45
5247,26
5248,94
5249,10
5250,6
5251,20
5252,40
5253,32
5254,15
5255,76
5256,2.7
5257,30
5258,100
5259,25
5260,33
5261,73333.33
5262,479
5263,500
5264,0.4
5265,21
5266,5
5267,116.25
5268,3060
5269,0
5270,10
5271,2
5272,24
5273,36
5274,4
5275,69
5276,150
5277,1
5278,1
5279,4560
5280,5
5281,0.32
5282,72
5283,1710
5284,200
5285,1601.4
5286,200.96
5287,1884
5288,11
5289,30
5290,108
5291,60
5292,-41092.75
5293,601
5294,10
5295,256
5296,90
5297,4
5298,14
5299,36
5300,51
5301,800
5302,6
5303,400
5304,50
5305,396
5306,30
5307,260
5308,4000
5309,400
5310,116
5311,13.44
5312,9
5313,34
5314,25
5315,15
5316,204
5317,10
5318,160
5319,160
5320,2900
5321,48
5322,48
5323,8.63
5324,47.1
5325,60
5326,50
5327,36
5328,24
5329,20000
5330,3000
5331,128
5332,1
5333,138
5334,36
5335,7200
5336,144
5337,220
5338,51
5339,50
5340,1128
5341,1700
5342,45
5343,384
5344,75.36
5345,56.52
5346,10
5347,108
5348,14
5349,250
5350,1920
5351,943
5352,274
5353,2600
5354,16
5355,320
5356,20
5357,480
5358,70
5359,20000
5360,15.7
5361,3
5362,7
5363,980
5364,10
5365,50
5366,20000
5367,22.5
5368,22608
5369,0.35
5370,516
5371,3
5372,10000
5373,1350
5374,4
5375,-25
5376,90
5377,2000
5378,2565
5379,200
5380,2.5
5381,40
5382,250
5383,968
5384,79
5385,60
5386,22.5
5387,640
5388,9
5389,19
5390,53
5391,1
5392,9000
5393,212
5394,1
5395,2
5396,500
5397,20000
5398,131
5399,31
5400,2275
5401,125
5402,13
5403,26
5404,15
5405,8
5406,64
5407,160
5408,21
5409,5184
5410,30
5411,80
5412,25.6
5413,89
5414,2464.9
5415,530.1
5416,94
5417,1008
5418,480
5419,1680
5420,1680
5421,3
5422,10
5423,90
5424,2.06
5425,4
5426,500
5427,800
5428,60
5429,900
5430,104
5431,30
5432,80
5433,73
5434,5000000
5435,1200
5436,1080
5437,3
5438,3600
5439,4
5440,384
5441,18
5442,60
5443,48
5444,24
5445,0.2
5446,38
5447,2.9
5448,2.7
5449,0.5
5450,1.5
5451,96
5452,14040
5453,510
5454,224
5455,24
5456,8
5457,1034400
5458,314
5459,250
5460,70
5461,39.44
5462,8.4
5463,1035
5464,5
5465,16
5466,10
5467,2
5468,1.7
5469,25.9
5470,10
5471,560
5472,18
5473,18
5474,8
5475,21
5476,1
5477,24
5478,12
5479,18000
5480,2400
5481,14
5482,6
5483,2
5484,2.5
5485,13.5
5486,0.23
5487,150
5488,121
5489,40
5490,40
5491,21
5492,2
5493,53
5494,2.9
5495,42
5496,20
5497,3
5498,1315
5499,3750
5500,8
5501,92
5502,9
5503,1320
5504,530
5505,25
5506,2
5507,1650
5508,430
5509,160
5510,9
5511,1600
5512,32
5513,11
5514,190
5515,20
5516,5000
5517,1200
5518,46
5519,5769.5
5520,32
5521,288
5522,42
5523,2080
5524,45
5525,4
5526,420
5527,110
5528,27.4
5529,657
5530,52
5531,2200
5532,5270
5533,48
5534,5
5535,3
5536,5400
5537,1013
5538,1.3
5539,120
5540,100
5541,90
5542,216
5543,68
5544,7
5545,18
5546,35.7
5547,57
5548,3
5549,144
5550,1800
5551,384
5552,1560
5553,15
5554,18
5555,6600
5556,96
5557,205
5558,1
5559,12
5560,3
5561,300
5562,13200
5563,760
5564,12
5565,30
5566,4.5
5567,45
5568,800
5569,60
5570,1
5571,7
5572,221
5573,9660
5574,160
5575,15
5576,10
5577,28.26
5578,7.75
5579,140
5580,40.8
5581,32
5582,118
5583,140
5584,120
5585,3
5586,65
5587,420
5588,30
5589,38
5590,3
5591,2400
5592,195
5593,1080
5594,20
5595,720
5596,9
5597,83
5598,6.19
5599,4500
5600,480
5601,4375
5602,1248
5603,5
5604,800
5605,93
5606,4240
5607,32
5608,120
5609,1280
5610,55.8
5611,147
5612,1
5613,0.65
5614,20
5615,188.4
5616,3.14
5617,5880
5618,2
5619,364.5
5620,4.3
5621,12560
5622,58.88
5623,2
5624,160
5625,24
5626,5040
5627,280
5628,240
5629,264
5630,250
5631,1153
5632,44
5633,3420
5634,50
5635,471
5636,450
5637,3768
5638,30
5639,10
5640,38
5641,101.2
5642,2592
5643,30
5644,10
5645,150
5646,7
5647,28.26
5648,105
5649,120
5650,16
5651,28.26
5652,600
5653,375
5654,2
5655,105
5656,500
5657,3
5658,-1403
5659,3
5660,360
5661,20
5662,80
5663,6.25
5664,2.4
5665,128
5666,30
5667,200
5668,30
5669,3
5670,500
5671,2
5672,3000
5673,60
5674,600
5675,628
5676,5046
5677,22
5678,42
5679,1500
5680,500
5681,302.25
5682,471
5683,6
5684,6000
5685,2543.4
5686,25
5687,696
5688,17
5689,3
5690,25
5691,2000
5692,17
5693,141
5694,270
5695,745
5696,1575
5697,1600
5698,24
5699,9
5700,11.44
5701,12
5702,40
5703,10
5704,-26
5705,80
5706,65.5
5707,2400
5708,19
5709,13705
5710,18.45
5711,36
5712,13
5713,1600
5714,1.1
5715,13188
5716,113
5717,24
5718,192
5719,2
5720,945
5721,37.68
5722,72.8
5723,5
5724,945
5725,105
5726,3.6
5727,600
5728,4
5729,64
5730,5
5731,1400
5732,992
5733,131.2
5734,5702
5735,8
5736,690.8
5737,400
5738,2450
5739,45
5740,8
5741,6.4
5742,230
5743,20
5744,600
5745,200
5746,304
5747,16
5748,2000
5749,6
5750,702
5751,332
5752,300
5753,285
5754,232
5755,90
5756,142
5757,23
5758,7
5759,18
5760,50
5761,1
5762,150
5763,98
5764,36
5765,2
5766,1680
5767,29
5768,960
5769,260
5770,100
5771,200
5772,23
5773,288
5774,24
5775,1.35
5776,50
5777,900
5778,24
5779,10
5780,56
5781,10
5782,192
5783,6
5784,30
5785,1800
5786,145
5787,44
5788,112750
5789,200
5790,110
5791,42
5792,10800
5793,9020
5794,40
5795,243
5796,420
5797,6
5798,4000
5799,38.88
5800,468
5801,8
5802,250
5803,83.04
5804,8
5805,2
5806,40
5807,-497.1
5808,60
5809,79
5810,12
5811,1
5812,15
5813,850
5814,227
5815,21
5816,45
5817,104
5818,2
5819,90
5820,8.6
5821,36
5822,8
5823,38
5824,28
5825,15
5826,8
5827,3
5828,20
5829,23810
5830,2550
5831,1440
5832,6550
5833,127
5834,500
5835,1500
5836,62.8
5837,4
5838,23.55
5839,6.28
5840,20
5841,24
5842,100
5843,-17
5844,106
5845,93
5846,94
5847,1600
5848,140
5849,14.6
5850,13
5851,62.4
5852,46.6
5853,8640
5854,25
5855,3250
5856,9000
5857,4000
5858,2940
5859,24
5860,7
5861,0.8
5862,126.7
5863,690
5864,42
5865,1.1
5866,2
5867,3
5868,9/20
5869,29.37
5870,15
5871,12
5872,120
5873,0.32
5874,40
5875,9
5876,32
5877,72
5878,7
5879,450
5880,56
5881,501
5882,20
5883,250
5884,24
5885,100
5886,14
5887,7.5
5888,18000
5889,53
5890,26
5891,60
5892,39
5893,121.8
5894,2000
5895,32
5896,750
5897,2.8
5898,5460
5899,12
5900,15
5901,6
5902,943
5903,1.88
5904,-3600
5905,342
5906,38
5907,7
5908,21
5909,7
5910,49
5911,9
5912,16
5913,33
5914,25
5915,8
5916,3
5917,7
5918,50
5919,60
5920,46
5921,8
5922,8
5923,18
5924,41
5925,42
5926,36
5927,10
5928,694
5929,1021
5930,5
5931,800
5932,15
5933,72
5934,42
5935,26
5936,49
5937,8
5938,4
5939,35
5940,12
5941,20
5942,10
5943,15
5944,15
5945,1
5946,10
5947,36
5948,46
5949,56
5950,3
5951,4
5952,12
5953,11
5954,9
5955,42
5956,21
5957,32
5958,82
5959,44
5960,20
5961,50
5962,18
5963,36
5964,15
5965,24
5966,16
5967,53
5968,41
5969,3
5970,72
5971,53
5972,4
5973,1
5974,4
5975,6
5976,28
5977,3
5978,2
5979,12
5980,3
5981,38
5982,9
5983,4
5984,22
5985,60
5986,9
5987,34
5988,17
5989,27
5990,10
5991,31
5992,-4
5993,18
5994,18
5995,20
5996,6
5997,4
5998,8
5999,5
6000,7
6001,21
6002,6
6003,6
6004,26
6005,47
6006,6
6007,9
6008,47
6009,81
6010,19
6011,28
6012,20
6013,20
6014,46
6015,44
6016,27
6017,8
6018,4
6019,25
6020,31
6021,62
6022,19
6023,-3
6024,4
6025,12
6026,18
6027,13
6028,3
6029,11
6030,25
6031,31
6032,91
6033,35
6034,90
6035,56
6036,26
6037,81
6038,55
6039,6
6040,97
6041,51
6042,88
6043,16
6044,24
6045,57
6046,26
6047,4
6048,26
6049,21
6050,20
6051,26
6052,31
6053,27
6054,15
6055,88
6056,57
6057,7
6058,26
6059,8
6060,81
6061,81
6062,-37
6063,79
6064,24
6065,-18
6066,23
6067,27
6068,77
6069,36
6070,19
6071,9
6072,24
6073,80
6074,5
6075,20
6076,4
6077,20
6078,3
6079,25
6080,8
6081,6
6082,14
6083,53
6084,41
6085,37
6086,45
6087,19
6088,24
6089,31
6090,42
6091,11
6092,84
6093,40
6094,44
6095,30
6096,20
6097,35
6098,45
6099,25
6100,8
6101,8
6102,14
6103,25
6104,10
6105,72
6106,34
6107,9
6108,6
6109,3
6110,18
6111,4
6112,19
6113,10
6114,7
6115,7
6116,9
6117,30
6118,35
6119,16
6120,6
6121,56
6122,28
6123,18
6124,33
6125,28
6126,16
6127,24
6128,23
6129,8
6130,2
6131,8
6132,16
6133,15
6134,18
6135,8
6136,18
6137,6
6138,15
6139,40
6140,18
6141,20
6142,82
6143,16
6144,-27
6145,21
6146,8
6147,27
6148,38
6149,2
6150,2
6151,80
6152,68
6153,14
6154,20
6155,45
6156,270
6157,139
6158,492
6159,398
6160,4
6161,40
6162,150
6163,6
6164,1
6165,0
6166,94
6167,1791
6168,528
6169,720
6170,-121
6171,49
6172,32
6173,1620
6174,30
6175,60
6176,1225
6177,2400
6178,0.6
6179,14
6180,38
6181,27
6182,88
6183,40
6184,850
6185,555
6186,61
6187,4360
6188,560
6189,543
6190,-253
6191,85
6192,450
6193,90
6194,95
6195,1880
6196,240
6197,5100
6198,1008
6199,36
6200,48
6201,48
6202,4
6203,18
6204,40
6205,40
6206,72
6207,9
6208,100
6209,23
6210,78
6211,136
6212,358
6213,148
6214,142
6215,270
6216,99
6217,50
6218,24
6219,36
6220,477
6221,104
6222,129
6223,39
6224,40
6225,8
6226,168
6227,9
6228,9
6229,72
6230,315
6231,362
6232,8
6233,220
6234,46
6235,2200
6236,98
6237,96
6238,113
6239,16
6240,360
6241,33
6242,210
6243,5
6244,6
6245,535
6246,278
6247,36
6248,395
6249,150
6250,6
6251,6
6252,156
6253,200
6254,36
6255,146
6256,78
6257,100
6258,14
6259,225
6260,11
6261,67
6262,9
6263,210
6264,91
6265,41
6266,62
6267,7
6268,21
6269,540
6270,4000
6271,120
6272,800
6273,77
6274,41.2
6275,600
6276,2
6277,63
6278,250
6279,4
6280,5
6281,344
6282,186
6283,10
6284,21
6285,1.16
6286,2.12
6287,21
6288,210
6289,32
6290,28
6291,480
6292,2
6293,47.5
6294,87
6295,3
6296,1200
6297,75
6298,102.78
6299,56.7
6300,22.4
6301,12
6302,307
6303,1110
6304,64
6305,165
6306,14910
6307,315
6308,6
6309,74
6310,157
6311,128
6312,50
6313,18
6314,120
6315,36
6316,16
6317,42
6318,3250
6319,400
6320,225
6321,64
6322,4200
6323,308
6324,13
6325,72
6326,6
6327,740
6328,260
6329,3
6330,6120
6331,11120
6332,710
6333,13650
6334,4800
6335,696
6336,125
6337,900
6338,9
6339,40
6340,160
6341,48
6342,160
6343,440
6344,2200
6345,4
6346,504
6347,9
6348,48
6349,2
6350,20
6351,3600
6352,13
6353,7
6354,250
6355,5
6356,12
6357,1320
6358,16
6359,15
6360,19
6361,110
6362,14945
6363,30
6364,4
6365,1_7/20
6366,6
6367,8
6368,290
6369,758
6370,30
6371,24
6372,45
6373,1
6374,-8
6375,107
6376,714
6377,2028
6378,18
6379,10
6380,14
6381,20
6382,12
6383,7000
6384,2
6385,100
6386,78
6387,6000
6388,12.5
6389,1.2
6390,60
6391,0.6
6392,4
6393,12
6394,100
6395,35
6396,6720
6397,1350.01
6398,4.3
6399,1428
6400,158
6401,800
6402,50
6403,6
6404,200
6405,240
6406,675
6407,900
6408,660
6409,20000
6410,12000
6411,700
6412,2500
6413,0.03
6414,0.4
6415,176.58
6416,140.1
6417,51.4
6418,1950
6419,19
6420,540
6421,236
6422,1980
6423,45
6424,210
6425,9
6426,750
6427,180
6428,1
6429,27
6430,14
6431,8
6432,35
6433,120
6434,145
6435,80
6436,288
6437,4050
6438,18
6439,16
6440,1200
6441,167
6442,8
6443,50
6444,40
6445,86.1
6446,5.88
6447,188.8
6448,16
6449,65
6450,349.44
6451,32
6452,38
6453,19
6454,73
6455,10.8
6456,630
6457,16.8
6458,120
6459,648
6460,120
6461,8
6462,40
6463,110
6464,1920
6465,160
6466,2
6467,10
6468,-99
6469,44
6470,20
6471,40
6472,26
6473,8
6474,7
6475,4
6476,33
6477,9
6478,4
6479,40
6480,48
6481,-14
6482,48
6483,879
6484,30
6485,300
6486,8
6487,49
6488,720
6489,8
6490,4
6491,140
6492,60
6493,105
6494,8
6495,62.8
6496,94
6497,7850
6498,29.8
6499,24.2
6500,44
6501,8
6502,7
6503,6
6504,24
6505,600
6506,139
6507,180
6508,95
6509,16
6510,35
6511,140
6512,64
6513,335
6514,367.5
6515,4
6516,242
6517,424
6518,8.95
6519,3050
6520,17
6521,1568
6522,6
6523,1.73
6524,188
6525,4
6526,1440
6527,4.5
6528,62
6529,91
6530,1050
6531,882
6532,32
6533,6
6534,2700
6535,30
6536,176
6537,54
6538,170
6539,15
6540,160
6541,25
6542,1680
6543,222
6544,5
6545,4743
6546,2000
6547,400
6548,147
6549,375
6550,16
6551,1872
6552,206
6553,6
6554,4
6555,648
6556,133
6557,27
6558,69
6559,5
6560,15
6561,660
6562,2.27
6563,15
6564,616
6565,35
6566,24
6567,18
6568,22875
6569,80
6570,160
6571,45
6572,12000
6573,1800
6574,13
6575,1908
6576,900
6577,56.7
6578,4410
6579,9
6580,40
6581,360
6582,85
6583,2520
6584,5
6585,7
6586,576
6587,36
6588,41.9
6589,8
6590,16128
6591,1330
6592,40
6593,130
6594,900
6595,85
6596,128
6597,6.7
6598,306
6599,2730
6600,2688
6601,2250
6602,52
6603,328
6604,39
6605,215
6606,18750
6607,120
6608,18.5
6609,18
6610,58
6611,248
6612,4
6613,24
6614,200
6615,1050
6616,624
6617,825
6618,37
6619,356
6620,22
6621,9
6622,4
6623,576
6624,1320
6625,6
6626,13000
6627,557
6628,600
6629,60
6630,824
6631,13.2
6632,72
6633,69.5
6634,38
6635,6.5
6636,30
6637,15
6638,24
6639,23800
6640,75
6641,18.75
6642,1610
6643,120
6644,552
6645,1
6646,6800
6647,6960
6648,13870
6649,33
6650,414
6651,48
6652,25
6653,615
6654,111
6655,10.1
6656,23
6657,20
6658,205
6659,540
6660,25
6661,266
6662,4
6663,7
6664,285
6665,8
6666,126
6667,832
6668,500
6669,28
6670,1050
6671,1872
6672,60
6673,611.5
6674,138
6675,291
6676,28
6677,379
6678,3600
6679,280
6680,50
6681,1400
6682,472
6683,22
6684,1212
6685,128
6686,525
6687,425
6688,294
6689,732
6690,11.25
6691,53
6692,2.1
6693,560
6694,240
6695,56
6696,20
6697,2700
6698,1152
6699,10.3
6700,47
6701,600
6702,980
6703,13
6704,4840
6705,25
6706,45
6707,23
6708,18.72
6709,52.75
6710,18000
6711,10
6712,67
6713,8
6714,22
6715,7
6716,16
6717,17
6718,18
6719,23
6720,85
6721,3216
6722,225
6723,75
6724,248
6725,2360
6726,80
6727,5
6728,18
6729,1
6730,21
6731,29
6732,8
6733,12
6734,19
6735,48
6736,52
6737,79
6738,38
6739,96
6740,10
6741,41
6742,21
6743,32
6744,12
6745,15
6746,2
6747,3
6748,30
6749,32
6750,21
6751,4
6752,29
6753,35
6754,36
6755,80
6756,37
6757,8
6758,29
6759,17
6760,35
6761,45
6762,6
6763,20
6764,4
6765,48
6766,4
6767,30
6768,-4
6769,4
6770,6
6771,-6
6772,40
6773,60
6774,20
6775,5
6776,2
6777,2
6778,11
6779,16
6780,10
6781,18
6782,45
6783,43
6784,12
6785,72
6786,0.4
6787,50
6788,20
6789,59
6790,87
6791,6
6792,20
6793,79
6794,54
6795,10
6796,38
6797,24
6798,35
6799,39
6800,61
6801,20
6802,140
6803,22
6804,14
6805,119
6806,50
6807,100
6808,10
6809,27
6810,37
6811,70
6812,50
6813,42
6814,33
6815,47
6816,9
6817,25
6818,47
6819,81
6820,37
6821,11
6822,31
6823,23
6824,3
6825,15
6826,30
6827,38
6828,12
6829,28
6830,33
6831,119
6832,57
6833,14
6834,36
6835,42
6836,46
6837,16
6838,24
6839,12
6840,-1
6841,35
6842,7
6843,6
6844,29
6845,12
6846,8
6847,18
6848,3
6849,18
6850,14
6851,17
6852,9
6853,4
6854,2012
6855,17
6856,9
6857,8
6858,27.55
6859,178
6860,1360
6861,60
6862,100
6863,5670
6864,680
6865,8
6866,2
6867,1
6868,4592
6869,400
6870,128
6871,304
6872,3290
6873,1500
6874,3600
6875,144
6876,12
6877,5
6878,260
6879,70
6880,200
6881,6000
6882,108
6883,16
6884,300
6885,160
6886,160
6887,792
6888,60
6889,9
6890,62
6891,60
6892,48
6893,27
6894,6
6895,517
6896,32
6897,1680
6898,5652
6899,2000
6900,72
6901,0.6
6902,5652
6903,58
6904,1
6905,204
6906,8
6907,45
6908,61
6909,625
6910,37
6911,320
6912,40
6913,1
6914,1
6915,1
6916,78.88
6917,12
6918,777.6
6919,216
6920,162
6921,1224
6922,1
6923,27
6924,3025
6925,32
6926,14
6927,5500
6928,50.24
6929,1296
6930,8050
6931,3
6932,70
6933,40
6934,3
6935,13
6936,18
6937,40
6938,13
6939,4
6940,1
6941,200
6942,60
6943,2
6944,89
6945,28
6946,10
6947,3
6948,53
6949,20
6950,100
6951,62.8
6952,252
6953,42
6954,3.3
6955,45
6956,10
6957,1.2
6958,9
6959,0.01
6960,150
6961,96
6962,7500
6963,20
6964,5
6965,12.5
6966,28
6967,144
6968,20
6969,30
6970,20
6971,20
6972,8
6973,11
6974,36
6975,160
6976,6
6977,16
6978,96
6979,40
6980,28
6981,1
6982,950
6983,6000
6984,15
6985,184
6986,2400
6987,140
6988,200
6989,35
6990,4500
6991,1600
6992,120
6993,25
6994,270
6995,3000
6996,1300
6997,5.28
6998,300
6999,2340
7000,7
7001,0.4
7002,50
7003,20
7004,16
7005,10
7006,400
7007,180
7008,1
7009,5
7010,90
7011,9.86
7012,625
7013,300
7014,44
7015,3648
7016,2
7017,4
7018,25200
7019,1620
7020,50
7021,100.48
7022,100
7023,84
7024,5
7025,100
7026,180
7027,2.61
7028,1
7029,60.29
7030,100
7031,45
7032,192
7033,60
7034,1
7035,96
7036,5
7037,0
7038,512
7039,717
7040,6
7041,780
7042,490
7043,345
7044,60
7045,9
7046,270
7047,96
7048,60
7049,2
7050,159
7051,1560
7052,3
7053,2
7054,16
7055,80
7056,28.26
7057,5
7058,18
7059,0
7060,1
7061,18
7062,22.8
7063,38.4
7064,50
7065,3.7
7066,2800
7067,1.54
7068,12
7069,27_1/3
7070,15.42
7071,4
7072,350
7073,13
7074,1
7075,6
7076,660
7077,60
7078,2500
7079,2
7080,23
7081,120
7082,60
7083,1050
7084,9
7085,15
7086,198
7087,3.5
7088,12
7089,35
7090,96
7091,100
7092,9
7093,216
7094,160
7095,240
7096,8
7097,60
7098,78.5
7099,40
7100,41
7101,400
7102,39
7103,4
7104,3
7105,3
7106,471
7107,100
7108,5
7109,75
7110,1/3
7111,20
7112,8
7113,20
7114,11_2/5
7115,60
7116,1944
7117,800
7118,191.54
7119,58
7120,5
7121,501.9
7122,445
7123,168
7124,32
7125,6
7126,540
7127,84.72
7128,40
7129,95
7130,12.56
7131,4
7132,40
7133,400
7134,188
7135,65
7136,120
7137,50
7138,63
7139,56
7140,3.97
7141,0.68
7142,600
7143,1
7144,6
7145,7
7146,1
7147,1
7148,11
7149,15
7150,6
7151,20
7152,340
7153,7
7154,80
7155,5000
7156,770
7157,58
7158,123
7159,16.2
7160,12
7161,1625
7162,4
7163,4
7164,124
7165,0.5
7166,1213.33
7167,352
7168,93.75
7169,24
7170,2
7171,80
7172,96
7173,52%
7174,1
7175,45
7176,8
7177,1000
7178,307
7179,182
7180,16
7181,522.5
7182,1400
7183,93
7184,2
7185,73
7186,9
7187,768
7188,2
7189,12
7190,97
7191,1
7192,225
7193,93824
7194,6160
7195,4.75
7196,800
7197,144
7198,27
7199,14
7200,2
7201,6
7202,5760
7203,108
7204,4
7205,88
7206,140
7207,7
7208,9600
7209,426
7210,306
7211,4.05
7212,48
7213,1
7214,1
7215,87.92
7216,796
7217,62.8
7218,21.98
7219,710
7220,21
7221,2128
7222,15
7223,20%
7224,100
7225,13.5
7226,13.68
7227,15
7228,32
7229,30
7230,1
7231,660
7232,300
7233,80
7234,3
7235,90
7236,24.84
7237,100
7238,200
7239,2
7240,8
7241,224
7242,33
7243,848
7244,4.81
7245,630
7246,73
7247,1.2
7248,168
7249,2000
7250,3000
7251,4
7252,36
7253,180
7254,3
7255,119
7256,117
7257,340
7258,1300
7259,184
7260,60
7261,48
7262,18
7263,180
7264,880
7265,2500
7266,88
7267,32000
7268,3
7269,5500
7270,6.28
7271,37.68
7272,16
7273,300
7274,20
7275,105
7276,50
7277,750
7278,3
7279,400
7280,56
7281,90
7282,416
7283,1
7284,30
7285,15
7286,12
7287,21
7288,5
7289,145
7290,6
7291,3000
7292,35
7293,135
7294,4000
7295,59.4
7296,240
7297,150
7298,272
7299,55
7300,40
7301,1
7302,15
7303,120
7304,25000
7305,30
7306,108
7307,1180
7308,350
7309,1.3
7310,0.07
7311,10
7312,74
7313,360
7314,109.35
7315,72
7316,15
7317,251.2
7318,1038
7319,18840
7320,9
7321,36
7322,480
7323,400
7324,103.3
7325,5.5
7326,2800
7327,1
7328,20
7329,16
7330,12
7331,280
7332,1.44
7333,140
7334,300
7335,310
7336,5040
7337,964608
7338,15
7339,124
7340,45.48
7341,48
7342,7
7343,4
7344,864
7345,318.47
7346,6
7347,1625
7348,62.8
7349,1540
7350,450
7351,20
7352,96
7353,15
7354,1000
7355,660
7356,39.25
7357,405
7358,4
7359,45
7360,10
7361,940
7362,778
7363,8
7364,90
7365,47
7366,6000
7367,2500
7368,2000
7369,72
7370,12
7371,3
7372,720
7373,48
7374,120
7375,5
7376,1
7377,53.66
7378,50
7379,14921.28
7380,1600
7381,100
7382,5040
7383,30
7384,5
7385,2
7386,157
7387,1000
7388,16
7389,14.25
7390,8
7391,1530
7392,9
7393,1256
7394,240
7395,480
7396,9600
7397,112
7398,16
7399,60
7400,64
7401,5
7402,10
7403,40
7404,120
7405,900
7406,7.5
7407,9
7408,10
7409,210
7410,90
7411,11
7412,100
7413,125
7414,65
7415,6
7416,1.27
7417,150
7418,195
7419,2
7420,55
7421,5.6
7422,36
7423,54
7424,115
7425,450
7426,45
7427,14
7428,2
7429,2880
7430,1
7431,480
7432,42
7433,4
7434,50.65
7435,200
7436,108
7437,12.6
7438,17
7439,6
7440,880
7441,4
7442,180
7443,0.8
7444,-650/3
7445,3.2
7446,28
7447,180
7448,7200
7449,7500
7450,31.4
7451,190
7452,7
7453,348
7454,4
7455,144
7456,3/8
7457,20
7458,3.14
7459,5
7460,500
7461,360
7462,44
7463,4368
7464,7.7
7465,210
7466,360
7467,4.8
7468,125
7469,30
7470,314
7471,4
7472,50
7473,0.2
7474,153
7475,12
7476,520
7477,8
7478,55
7479,5.6
7480,29
7481,49.5
7482,760
7483,400
7484,13175
7485,204
7486,450
7487,27
7488,5
7489,4800
7490,15
7491,399
7492,56
7493,80
7494,90
7495,24
7496,4.8
7497,450
7498,3.3
7499,60
7500,70.02
7501,3.02
7502,48
7503,30
7504,2700
7505,173
7506,32
7507,2400
7508,60
7509,210
7510,3
7511,14
7512,2550
7513,8
7514,80
7515,450
7516,64
7517,655
7518,-7
7519,440
7520,1595
7521,1500
7522,1413
7523,16
7524,744
7525,208
7526,24940
7527,675
7528,3
7529,2
7530,60
7531,40
7532,9
7533,480
7534,2240
7535,454.72
7536,180
7537,27
7538,40
7539,4.73
7540,195
7541,15.5
7542,1224
7543,160
7544,60
7545,142.8
7546,30
7547,75.36
7548,675
7549,56.52
7550,80
7551,3140
7552,115
7553,65
7554,69
7555,870
7556,-12
7557,180
7558,92
7559,9
7560,110
7561,-12
7562,300
7563,10
7564,40
7565,600
7566,99
7567,1.25
7568,1200
7569,930
7570,-10
7571,10
7572,25.72
7573,24
7574,7800
7575,3
7576,4
7577,100.48
7578,24.15
7579,1
7580,200
7581,126
7582,29.4
7583,135
7584,1500
7585,9000
7586,0.7
7587,36
7588,40
7589,364
7590,-1248
7591,17
7592,20
7593,10
7594,1240
7595,3159
7596,61
7597,16
7598,18
7599,45
7600,5
7601,1
7602,71.04
7603,24
7604,16
7605,76
7606,512
7607,12500
7608,40
7609,36
7610,24
7611,6.8
7612,34
7613,68
7614,2.08
7615,2.16
7616,600
7617,15
7618,18
7619,72
7620,12
7621,60
7622,10
7623,24
7624,0.49
7625,54
7626,32
7627,57.5
7628,36.55
7629,0.6
7630,3.37
7631,3.8
7632,343
7633,320
7634,90
7635,1
7636,800
7637,13.5
7638,120
7639,69
7640,29.16
7641,1/3
7642,1/2
7643,11
7644,21
7645,20
7646,18/25
7647,18
7648,1/2
7649,1
7650,2240
7651,3000
7652,0
7653,2.2
7654,36
7655,2400
7656,19/20
7657,64
7658,20
7659,10.4
7660,960
7661,31.8
7662,1_2/5
7663,1
7664,2
7665,2/5
7666,1/3
7667,43750
7668,18
7669,68
7670,42
7671,62
7672,13
7673,17
7674,8
7675,505
7676,4
7677,2520
7678,1_1/9
7679,2
7680,2
7681,3968
7682,750
7683,7
7684,100
7685,80
7686,800
7687,872
7688,31/35
7689,35
7690,1782
7691,32
7692,8280
7693,87/100
7694,3
7695,1000
7696,11_4/5
7697,24
7698,-4
7699,26
7700,7
7701,260
7702,7
7703,9.5
7704,13.35
7705,1_63/100
7706,3045
7707,88
7708,28
7709,148
7710,72
7711,1
7712,25
7713,11/24
7714,3
7715,48
7716,42
7717,6.66
7718,7/24
7719,60
7720,18
7721,47.6
7722,88
7723,120
7724,1350
7725,7
7726,1/10
7727,5.8
7728,222
7729,6
7730,140
7731,882
7732,90
7733,0.3
7734,160
7735,337.5
7736,25
7737,6
7738,120
7739,80
7740,134
7741,135
7742,36
7743,85
7744,560
7745,76
7746,38
7747,72
7748,194
7749,47
7750,16
7751,700
7752,1.8
7753,583
7754,13
7755,28
7756,40
7757,440
7758,135
7759,11/30
7760,5
7761,13.4
7762,400
7763,27
7764,4
7765,6
7766,6
7767,32800
7768,83
7769,192
7770,236
7771,2865
7772,1_1/20
7773,200
7774,48
7775,430
7776,1214
7777,30
7778,20
7779,225
7780,3_1/5
7781,17
7782,4
7783,22
7784,220
7785,10
7786,20
7787,432
7788,1800
7789,150
7790,81.5
7791,27
7792,250
7793,1/7
7794,10
7795,15
7796,17
7797,1/6
7798,1260
7799,2400
7800,325
7801,60
7802,2000
7803,14
7804,48
7805,66
7806,100
7807,222
7808,187
7809,183
7810,2.8
7811,120
7812,1
7813,30
7814,6
7815,54
7816,1
7817,14
7818,240
7819,2550
7820,25
7821,9/10
7822,5416
7823,1026
7824,1
7825,42
7826,1
7827,1
7828,800
7829,36
7830,72
7831,630
7832,46
7833,23.81
7834,0.09
7835,82
7836,37/40
7837,11
7838,600
7839,26
7840,22
7841,11/21
7842,4
7843,35
7844,675
7845,5
7846,2.8
7847,135
7848,15
7849,320
7850,268
7851,9/16
7852,570
7853,7
7854,24
7855,1
7856,4
7857,1.23
7858,48
7859,200
7860,969
7861,4/15
7862,339
7863,3
7864,10.3
7865,7
7866,506
7867,9
7868,5
7869,3
7870,180
7871,3/4
7872,15
7873,12_3/5
7874,28
7875,-2
7876,5
7877,7
7878,50
7879,221
7880,3/8
7881,150
7882,62_1/2
7883,1
7884,1
7885,16/25
7886,96
7887,1/2
7888,12
7889,9
7890,8
7891,2
7892,9
7893,765
7894,309
7895,130_2/3
7896,8745
7897,80
7898,3
7899,1
7900,13
7901,9
7902,5
7903,20
7904,5.42
7905,3
7906,632
7907,200
7908,4
7909,1/20
7910,8
7911,3
7912,10
7913,660000
7914,2700
7915,3/16
7916,10
7917,96
7918,1
7919,864
7920,9/20
7921,1000
7922,1/12
7923,1
7924,8
7925,324
7926,150
7927,900
7928,11
7929,360
7930,50
7931,170
7932,1
7933,20
7934,77
7935,5/8
7936,1
7937,1
7938,1000
7939,8
7940,8
7941,7
7942,5/12
7943,3
7944,300
7945,42.5
7946,6.6
7947,15
7948,18
7949,100
7950,43
7951,43
7952,7
7953,17
7954,129
7955,86
7956,57
7957,2542
7958,3
7959,230
7960,1_1/15
7961,25
7962,-33
7963,2
7964,7000
7965,6
7966,5
7967,15
7968,1710
7969,41
7970,630
7971,5
7972,624
7973,1
7974,4
7975,295
7976,27
7977,80
7978,20
7979,40
7980,42
7981,392
7982,25
7983,400
7984,6
7985,70
7986,11
7987,75
7988,144
7989,144000
7990,42
7991,72
7992,6
7993,1200
7994,193
7995,2_8/11
7996,60
7997,2950
7998,1
7999,42
